id,images,text,likes,replies,retweets,quotes,timestamp,url,comment_text,comment_text_norm,keep,keep_reason
2027402396108763347,,"Some people are just happy with one. The guy who gets his dream car (girl) will cherish it with everything he has. He will polish it and make sure everything is perfect all the time. 
The rich (spoiled) guy that has multiple (whatever) has to divide his attention between them all. Not one is special to him. He doesn’t have the time to focus on one because he has so many. 
When you can’t full devote all your undivided attention something’s will definitely fall through the cracks.",28,1,0,0,2026-02-27T15:16:00.000Z,https://x.com/honor_dennis/status/2027402396108763347,"Some people are just happy with one. The guy who gets his dream car (girl) will cherish it with everything he has. He will polish it and make sure everything is perfect all the time. 
The rich (spoiled) guy that has multiple (whatever) has to divide his attention between them all. Not one is special to him. He doesn’t have the time to focus on one because he has so many. 
When you can’t full devote all your undivided attention something’s will definitely fall through the cracks.",Some people are just happy with one. The guy who gets his dream car (girl) will cherish it with everything he has. He will polish it and make sure everything is perfect all the time. The rich (spoiled) guy that has multiple (whatever) has to divide his attention between them all. Not one is special to him. He doesn't have the time to focus on one because he has so many. When you can't full devote all your undivided attention something's will definitely fall through the cracks.,True,piece_relevant
2027496196529344785,,"I know what you’re saying but cars are not people with their own personality and so on. 

If women didn’t have that it would be lame.

If you can figure out how to be openly with more than one, it’s possible and much more fulfilling than just buying another thing.",3,0,0,0,2026-02-27T21:28:00.000Z,https://x.com/bboyshogi/status/2027496196529344785,"I know what you’re saying but cars are not people with their own personality and so on. 

If women didn’t have that it would be lame.

If you can figure out how to be openly with more than one, it’s possible and much more fulfilling than just buying another thing.","I know what you're saying but cars are not people with their own personality and so on. If women didn't have that it would be lame. If you can figure out how to be openly with more than one, it's possible and much more fulfilling than just buying another thing.",True,piece_relevant
2027371122665091337,,"True love isn’t about variety, it’s about loyalty. A man who truly loves invests in one heart… that’s passion, not brokenness 💯",60,11,1,0,2026-02-27T13:11:00.000Z,https://x.com/i38at/status/2027371122665091337,"True love isn’t about variety, it’s about loyalty. A man who truly loves invests in one heart… that’s passion, not brokenness 💯","True love isn't about variety, it's about loyalty. A man who truly loves invests in one heart… that's passion, not brokenness 💯",True,piece_relevant
2027359338113712591,,"Social Engineering 😂

Once they wake up they will realize they can literally have anything they want.",58,1,0,0,2026-02-27T12:25:00.000Z,https://x.com/albertochola1/status/2027359338113712591,"Social Engineering 😂

Once they wake up they will realize they can literally have anything they want.",Social Engineering 😂 Once they wake up they will realize they can literally have anything they want.,False,weak
2027381746589651308,,"Comparing women to cars is already where the logic falls apart. Love isn’t about collecting options, it’s about choosing one person fully. Some men aren’t “restricted"", they’re intentional. Depth over variety.",37,3,1,0,2026-02-27T13:54:00.000Z,https://x.com/buildyasef_/status/2027381746589651308,"Comparing women to cars is already where the logic falls apart. Love isn’t about collecting options, it’s about choosing one person fully. Some men aren’t “restricted"", they’re intentional. Depth over variety.","Comparing women to cars is already where the logic falls apart. Love isn't about collecting options, it's about choosing one person fully. Some men aren't ""restricted"", they're intentional. Depth over variety.",True,piece_relevant
2027353668950143046,,"A mad can never fathom why people walk in the market clean and well tucked.

🚮",33,1,1,0,2026-02-27T12:02:00.000Z,https://x.com/Mr_Mobuto/status/2027353668950143046,"A mad can never fathom why people walk in the market clean and well tucked.

🚮",A mad can never fathom why people walk in the market clean and well tucked. 🚮,False,weak
2027354517050654860,,"Brokenness? Sickness? Nah. Some men just have options and the capacity to handle them. If you love cars, you don’t park one in the garage for life and act like the showroom doesn’t exist. You appreciate variety, performance, different drives. The problem isn’t wanting more it’s lying about it. If you’re built for one, cool. If you’re built for a fleet, own it.",34,1,0,0,2026-02-27T12:05:00.000Z,https://x.com/Gibsonaila/status/2027354517050654860,"Brokenness? Sickness? Nah. Some men just have options and the capacity to handle them. If you love cars, you don’t park one in the garage for life and act like the showroom doesn’t exist. You appreciate variety, performance, different drives. The problem isn’t wanting more it’s lying about it. If you’re built for one, cool. If you’re built for a fleet, own it.","Brokenness? Sickness? Nah. Some men just have options and the capacity to handle them. If you love cars, you don't park one in the garage for life and act like the showroom doesn't exist. You appreciate variety, performance, different drives. The problem isn't wanting more it's lying about it. If you're built for one, cool. If you're built for a fleet, own it.",True,piece_relevant
2027412351826223326,,You're just casually comparing women with cars. The hate is deep rooted.,26,4,0,0,2026-02-27T15:55:00.000Z,https://x.com/Naje873199n/status/2027412351826223326,You're just casually comparing women with cars. The hate is deep rooted.,You're just casually comparing women with cars. The hate is deep rooted.,True,piece_relevant
2027367090861039671,,"If you really think having several women makes you a man, you already lost. As a man, have something going on in your life other than just focusing on women...",17,0,0,0,2026-02-27T12:55:00.000Z,https://x.com/Bykeem_KE/status/2027367090861039671,"If you really think having several women makes you a man, you already lost. As a man, have something going on in your life other than just focusing on women...","If you really think having several women makes you a man, you already lost. As a man, have something going on in your life other than just focusing on women...",True,piece_relevant
2027359395856732268,,"In order for men to be able to reach that kind of level where he has access to many women, he has to be on the 1% and which majority are not there yet.
Status is which makes men attract all kinds of women.
Men need to have status first in order for them to get to the next level.",10,0,2,0,2026-02-27T12:25:00.000Z,https://x.com/Kingbariu/status/2027359395856732268,"In order for men to be able to reach that kind of level where he has access to many women, he has to be on the 1% and which majority are not there yet.
Status is which makes men attract all kinds of women.
Men need to have status first in order for them to get to the next level.","In order for men to be able to reach that kind of level where he has access to many women, he has to be on the 1% and which majority are not there yet. Status is which makes men attract all kinds of women. Men need to have status first in order for them to get to the next level.",True,piece_relevant
2027380146928587078,,"For satisfaction and internal ,only one loveable girl is enough because our soul except only one as his mate other are extra rush in mind",11,0,0,0,2026-02-27T13:47:00.000Z,https://x.com/AjayAlp420/status/2027380146928587078,"For satisfaction and internal ,only one loveable girl is enough because our soul except only one as his mate other are extra rush in mind","For satisfaction and internal ,only one loveable girl is enough because our soul except only one as his mate other are extra rush in mind",True,piece_relevant
2027365402003812839,,She is not yet born! The beautiful ones🤣🤣🤣,9,0,0,0,2026-02-27T12:49:00.000Z,https://x.com/acuoro_8/status/2027365402003812839,She is not yet born! The beautiful ones🤣🤣🤣,She is not yet born! The beautiful ones🤣🤣🤣,False,weak
2027429329974550904,,Some men have other things to think about other than their dicks. Some men just value themselves enough to know that they can also love themselves more than cars. Some men just value themselves like that.,8,1,0,0,2026-02-27T17:03:00.000Z,https://x.com/Suesu1234/status/2027429329974550904,Some men have other things to think about other than their dicks. Some men just value themselves enough to know that they can also love themselves more than cars. Some men just value themselves like that.,Some men have other things to think about other than their dicks. Some men just value themselves enough to know that they can also love themselves more than cars. Some men just value themselves like that.,True,piece_relevant
2027375093412733362,,Mens becareful of whom you sleep with ! Sex is spiritual. It can make you or break you! So as much as @kibeandy is your king of advice..this one ☝️ today i disagree with.,8,2,0,0,2026-02-27T13:27:00.000Z,https://x.com/favored7770/status/2027375093412733362,Mens becareful of whom you sleep with ! Sex is spiritual. It can make you or break you! So as much as @kibeandy is your king of advice..this one ☝️ today i disagree with.,Mens becareful of whom you sleep with ! Sex is spiritual. It can make you or break you! So as much as @kibeandy is your king of advice..this one ☝️ today i disagree with.,True,piece_relevant
2027404682235154762,,"Hiyo mindset Yako ni expensive Mzee. 
Do not ever lose your focus because of some few inches of body part, I mean we have other great body parts too like the brain, the nose and Many others",7,1,0,0,2026-02-27T15:25:00.000Z,https://x.com/PatriceRingoma/status/2027404682235154762,"Hiyo mindset Yako ni expensive Mzee. 
Do not ever lose your focus because of some few inches of body part, I mean we have other great body parts too like the brain, the nose and Many others","Hiyo mindset Yako ni expensive Mzee. Do not ever lose your focus because of some few inches of body part, I mean we have other great body parts too like the brain, the nose and Many others",True,piece_relevant
2027583590561620163,,"capitalism dicapasitated our cognition and abandoned our nation-ship (Culture), hashish, traditionally monogamy was seen as deficiency and polygamy was wealth. you are right on the brokeness part, sickness maybe the christians",3,0,2,0,2026-02-28T03:16:00.000Z,https://x.com/NORCHADV/status/2027583590561620163,"capitalism dicapasitated our cognition and abandoned our nation-ship (Culture), hashish, traditionally monogamy was seen as deficiency and polygamy was wealth. you are right on the brokeness part, sickness maybe the christians","capitalism dicapasitated our cognition and abandoned our nation-ship (Culture), hashish, traditionally monogamy was seen as deficiency and polygamy was wealth. you are right on the brokeness part, sickness maybe the christians",True,piece_relevant
2027376919352623329,,"Discipline bois, learn to be disciplined. Get your 4 women and settle.",6,0,0,0,2026-02-27T13:34:00.000Z,https://x.com/theee_goon/status/2027376919352623329,"Discipline bois, learn to be disciplined. Get your 4 women and settle.","Discipline bois, learn to be disciplined. Get your 4 women and settle.",True,piece_relevant
2027353041213497497,,A woman is like a tea bag  you never know how strong she is until she gets in hot water,3,1,1,0,2026-02-27T12:00:00.000Z,https://x.com/AntonyVault/status/2027353041213497497,A woman is like a tea bag  you never know how strong she is until she gets in hot water,A woman is like a tea bag you never know how strong she is until she gets in hot water,True,piece_relevant
2027553138773757968,,"Treating hearts like a car collection is a bold strategy, but most men just can't afford the ""maintenance"" costs of multiple models. One engine is usually enough to keep life running!",5,0,0,0,2026-02-28T01:15:00.000Z,https://x.com/okoth273031/status/2027553138773757968,"Treating hearts like a car collection is a bold strategy, but most men just can't afford the ""maintenance"" costs of multiple models. One engine is usually enough to keep life running!","Treating hearts like a car collection is a bold strategy, but most men just can't afford the ""maintenance"" costs of multiple models. One engine is usually enough to keep life running!",True,piece_relevant
2027467105470206393,,"What a man thinken is what he becomes,real mean are out here chasing real dreams not entertaining how many women he should have or cars, because his all efforts is on how to produce solutions to daily life challenges 💯💪",2,0,1,0,2026-02-27T19:33:00.000Z,https://x.com/Mutugahjonah/status/2027467105470206393,"What a man thinken is what he becomes,real mean are out here chasing real dreams not entertaining how many women he should have or cars, because his all efforts is on how to produce solutions to daily life challenges 💯💪","What a man thinken is what he becomes,real mean are out here chasing real dreams not entertaining how many women he should have or cars, because his all efforts is on how to produce solutions to daily life challenges 💯💪",True,piece_relevant
2027511341955883398,,"Wacha ni si comment, uni block kama Amerix.",4,0,0,0,2026-02-27T22:29:00.000Z,https://x.com/HerAfricanMind/status/2027511341955883398,"Wacha ni si comment, uni block kama Amerix.","Wacha ni si comment, uni block kama Amerix.",True,piece_relevant
2027400638166872246,,"It's called self respect, some  men don't want their bodies to be seen by everyone, mind you once a woman sleeps with a man the respect is thrown away, instead of saying Mr so,she will call by your first name",4,1,0,0,2026-02-27T15:09:00.000Z,https://x.com/george_zenda/status/2027400638166872246,"It's called self respect, some  men don't want their bodies to be seen by everyone, mind you once a woman sleeps with a man the respect is thrown away, instead of saying Mr so,she will call by your first name","It's called self respect, some men don't want their bodies to be seen by everyone, mind you once a woman sleeps with a man the respect is thrown away, instead of saying Mr so,she will call by your first name",True,piece_relevant
2027371392857985412,,Mzee nature it like animal kingdom,3,0,0,0,2026-02-27T13:13:00.000Z,https://x.com/Mongela_h/status/2027371392857985412,Mzee nature it like animal kingdom,Mzee nature it like animal kingdom,False,weak
2027381401767510087,,"Women are human beings with feelings, not cars to be owned by men.Gosh, women need to normalise hating men!Women you are better off alone with your cats than with stupid men like this!Tujipende please!",3,3,0,0,2026-02-27T13:52:00.000Z,https://x.com/sheila_kiplagat/status/2027381401767510087,"Women are human beings with feelings, not cars to be owned by men.Gosh, women need to normalise hating men!Women you are better off alone with your cats than with stupid men like this!Tujipende please!","Women are human beings with feelings, not cars to be owned by men.Gosh, women need to normalise hating men!Women you are better off alone with your cats than with stupid men like this!Tujipende please!",True,piece_relevant
2027383657992712223,,"In nature's software a man was given the power to impregnate at infinity(poly)...I mean he can impregnate at any point but 
Women conceive a seed at a time(mono)",3,0,0,0,2026-02-27T14:01:00.000Z,https://x.com/Pius542/status/2027383657992712223,"In nature's software a man was given the power to impregnate at infinity(poly)...I mean he can impregnate at any point but 
Women conceive a seed at a time(mono)",In nature's software a man was given the power to impregnate at infinity(poly)...I mean he can impregnate at any point but Women conceive a seed at a time(mono),True,piece_relevant
2027362612984283260,,"She's dating you because she needs your help, not your 💕",3,0,0,0,2026-02-27T12:38:00.000Z,https://x.com/Ibrah_shichenje/status/2027362612984283260,"She's dating you because she needs your help, not your 💕","She's dating you because she needs your help, not your 💕",True,scope_relevant
2027473753517760539,,People aren’t cars. Some men value depth over variety. Loyalty isn’t brokenness; it’s a choice.,2,0,0,0,2026-02-27T19:59:00.000Z,https://x.com/Mmbina231/status/2027473753517760539,People aren’t cars. Some men value depth over variety. Loyalty isn’t brokenness; it’s a choice.,People aren't cars. Some men value depth over variety. Loyalty isn't brokenness; it's a choice.,True,piece_relevant
2027428853572829637,,Everything is spiritual. Some men jaut dont want to deal with the many spirits from different women.,2,0,0,0,2026-02-27T17:01:00.000Z,https://x.com/DivineRick_/status/2027428853572829637,Everything is spiritual. Some men jaut dont want to deal with the many spirits from different women.,Everything is spiritual. Some men jaut dont want to deal with the many spirits from different women.,True,piece_relevant
2027359681534902719,,"You're misleading men into having an abundance mindset, 

You're a bad guy men.",2,1,0,0,2026-02-27T12:26:00.000Z,https://x.com/LemsFelix/status/2027359681534902719,"You're misleading men into having an abundance mindset, 

You're a bad guy men.","You're misleading men into having an abundance mindset, You're a bad guy men.",True,piece_relevant
2027411374088073280,,"Hygiene bro, Its like having home toilet but you prefer public toilets",2,0,0,0,2026-02-27T15:51:00.000Z,https://x.com/sychm/status/2027411374088073280,"Hygiene bro, Its like having home toilet but you prefer public toilets","Hygiene bro, Its like having home toilet but you prefer public toilets",False,weak
2027370190363660574,,"Al Hajji Kibe,welcome to the club.
Wekelea 4.",2,0,0,0,2026-02-27T13:08:00.000Z,https://x.com/AbillaAbdallah/status/2027370190363660574,"Al Hajji Kibe,welcome to the club.
Wekelea 4.","Al Hajji Kibe,welcome to the club. Wekelea 4.",False,weak
2027396808373096823,,Endeni na mukajaze dunia 😅😅🏃‍♂️🏃‍♂️,2,0,0,0,2026-02-27T14:54:00.000Z,https://x.com/MZALENDOKE4/status/2027396808373096823,Endeni na mukajaze dunia 😅😅🏃‍♂️🏃‍♂️,Endeni na mukajaze dunia 😅😅🏃‍♂️🏃‍♂️,False,weak
2027365754920907146,,Even me i wonder,1,0,0,0,2026-02-27T12:50:00.000Z,https://x.com/ja_Pwonji/status/2027365754920907146,Even me i wonder,Even me i wonder,False,weak
2027358048520462615,,Brokeness,1,0,0,0,2026-02-27T12:19:00.000Z,https://x.com/KINGSXI99/status/2027358048520462615,Brokeness,Brokeness,False,too_short
2027384078362644708,,If you don't love cars you can have only 1,1,0,0,0,2026-02-27T14:03:00.000Z,https://x.com/Petah01/status/2027384078362644708,If you don't love cars you can have only 1,If you don't love cars you can have only 1,True,piece_relevant
2027362772271394915,,"Yourself, you have zero!",1,0,0,0,2026-02-27T12:38:00.000Z,https://x.com/NjengaWill/status/2027362772271394915,"Yourself, you have zero!","Yourself, you have zero!",False,weak
2027374134376669274,,Wueh 🔥💔,1,0,0,0,2026-02-27T13:23:00.000Z,https://x.com/IMwaliko/status/2027374134376669274,Wueh 🔥💔,Wueh 🔥💔,False,too_short
2027372515371168041,,It's free will my friend you can choose what you want and it's perfectly okay.,1,0,0,0,2026-02-27T13:17:00.000Z,https://x.com/Lewis_6092/status/2027372515371168041,It's free will my friend you can choose what you want and it's perfectly okay.,It's free will my friend you can choose what you want and it's perfectly okay.,False,weak
2027441077569966101,,"Cars are more important than women anyday and everyday, women like you should be compared to the lowest comparison of the grid",8,0,0,0,2026-02-27T17:49:00.000Z,https://x.com/Mr_Mobuto/status/2027441077569966101,"Cars are more important than women anyday and everyday, women like you should be compared to the lowest comparison of the grid","Cars are more important than women anyday and everyday, women like you should be compared to the lowest comparison of the grid",True,piece_relevant
2027523878147264886,,So you should be equated to dowry cows?,5,0,0,0,2026-02-27T23:18:00.000Z,https://x.com/JownieDesigner/status/2027523878147264886,So you should be equated to dowry cows?,So you should be equated to dowry cows?,False,weak
2027487314620936439,,Women should be compared to cows nevertheless,4,0,0,0,2026-02-27T20:53:00.000Z,https://x.com/collins67310057/status/2027487314620936439,Women should be compared to cows nevertheless,Women should be compared to cows nevertheless,True,piece_relevant
2027448767918555431,,"Where is the lie, siku wanawake wana nunuliwa. They  go with the highest bidder!",0,0,0,0,2026-02-27T18:20:00.000Z,https://x.com/viodera/status/2027448767918555431,"Where is the lie, siku wanawake wana nunuliwa. They  go with the highest bidder!","Where is the lie, siku wanawake wana nunuliwa. They go with the highest bidder!",False,weak
2027769491954807278,,"Car-enthusiast actually love  vintage cars .As for Surwali-thusiasts like you, it's a story for another day",0,0,0,0,2026-02-28T15:34:00.000Z,https://x.com/Mega_dup/status/2027769491954807278,"Car-enthusiast actually love  vintage cars .As for Surwali-thusiasts like you, it's a story for another day","Car-enthusiast actually love vintage cars .As for Surwali-thusiasts like you, it's a story for another day",True,piece_relevant
2027651785314152807,,"Exclusive partnership,availability and reciprocity is common in such setups.

I endorse them 💯",1,1,0,0,2026-02-28T07:47:00.000Z,https://x.com/ayogo_do/status/2027651785314152807,"Exclusive partnership,availability and reciprocity is common in such setups.

I endorse them 💯","Exclusive partnership,availability and reciprocity is common in such setups. I endorse them 💯",True,scope_relevant
2027688632287731953,,People like kibe are damaged beyond repair. So they're coming to influence weak minds here. Misery loves company.,0,0,0,0,2026-02-28T10:13:00.000Z,https://x.com/Suesu1234/status/2027688632287731953,People like kibe are damaged beyond repair. So they're coming to influence weak minds here. Misery loves company.,People like kibe are damaged beyond repair. So they're coming to influence weak minds here. Misery loves company.,True,piece_relevant
2027428458150695419,,Don't mind the idiot.,0,0,0,0,2026-02-27T16:59:00.000Z,https://x.com/Suesu1234/status/2027428458150695419,Don't mind the idiot.,Don't mind the idiot.,False,weak
2027441198428762391,,You are either a woman or feminine,0,1,0,0,2026-02-27T17:50:00.000Z,https://x.com/Mr_Mobuto/status/2027441198428762391,You are either a woman or feminine,You are either a woman or feminine,True,piece_relevant
2027840436887343405,,Nah you tripping bro 😂,0,0,0,0,2026-02-28T20:16:00.000Z,https://x.com/buildyasef_/status/2027840436887343405,Nah you tripping bro 😂,Nah you tripping bro 😂,False,weak
2027779473886572641,,It's not comparing women to cars it's completely women to some expensive shiet?,2,0,0,0,2026-02-28T16:14:00.000Z,https://x.com/KaigaiDennis/status/2027779473886572641,It's not comparing women to cars it's completely women to some expensive shiet?,It's not comparing women to cars it's completely women to some expensive shiet?,True,piece_relevant
2029426522377863635,,Ukinuthia itakuua,0,0,0,0,2026-03-05T05:19:00.000Z,https://x.com/raguziwastory45/status/2029426522377863635,Ukinuthia itakuua,Ukinuthia itakuua,False,too_short
2031360036685906398,,"""spiritual""is a myth otherwise have slept with many ,,,, probably with Good or bad spirits but my life is progressing on well🫴.....( You are very religious that's why I believe that)......in the past African men where polygamous until colonisation 🫴",1,1,0,0,2026-03-10T13:22:00.000Z,https://x.com/TiercelF50096/status/2031360036685906398,"""spiritual""is a myth otherwise have slept with many ,,,, probably with Good or bad spirits but my life is progressing on well🫴.....( You are very religious that's why I believe that)......in the past African men where polygamous until colonisation 🫴","""spiritual""is a myth otherwise have slept with many ,,,, probably with Good or bad spirits but my life is progressing on well🫴.....( You are very religious that's why I believe that)......in the past African men where polygamous until colonisation 🫴",True,piece_relevant
2031432154689728756,,Ok,0,0,0,0,2026-03-10T18:09:00.000Z,https://x.com/favored7770/status/2031432154689728756,Ok,Ok,False,too_short
2027397549326287048,,Solomo wanst punished by God bytheway. So your point is invalid,1,0,0,0,2026-02-27T14:56:00.000Z,https://x.com/lordevic254/status/2027397549326287048,Solomo wanst punished by God bytheway. So your point is invalid,Solomo wanst punished by God bytheway. So your point is invalid,False,weak
2027408698016989332,,"By pooling emotional and financial capital with one high-value woman, a man creates a ""Synergistic Compound"" that accelerates wealth creation. 
A car is a tool you drive; a wife is a partner you build with.",1,0,0,0,2026-02-27T15:41:00.000Z,https://x.com/DffGlowup76133/status/2027408698016989332,"By pooling emotional and financial capital with one high-value woman, a man creates a ""Synergistic Compound"" that accelerates wealth creation. 
A car is a tool you drive; a wife is a partner you build with.","By pooling emotional and financial capital with one high-value woman, a man creates a ""Synergistic Compound"" that accelerates wealth creation. A car is a tool you drive; a wife is a partner you build with.",True,piece_relevant
2027364211404292339,,"Health wise broh ,sio kupita na kila mtu,apart from echaivi kuna herpes ,sio eti nini bit soko ndio chafu",1,0,0,0,2026-02-27T12:44:00.000Z,https://x.com/BasilMwaya35076/status/2027364211404292339,"Health wise broh ,sio kupita na kila mtu,apart from echaivi kuna herpes ,sio eti nini bit soko ndio chafu","Health wise broh ,sio kupita na kila mtu,apart from echaivi kuna herpes ,sio eti nini bit soko ndio chafu",True,scope_relevant
2027468356157141481,,Men who follow Kifee are lambistic and puny just like him,1,0,0,0,2026-02-27T19:38:00.000Z,https://x.com/AbundantDianaKE/status/2027468356157141481,Men who follow Kifee are lambistic and puny just like him,Men who follow Kifee are lambistic and puny just like him,True,piece_relevant
2027381901007184194,,"Yeah until your fun days are over, age reduces your movement to atound house and you're not fun 😒 anymore. 
You be sitting alone and hating the living coz you be dead waiting for your death day. Angel of death is patient with this type. It is fucked up if you are broke.",1,1,0,0,2026-02-27T13:54:00.000Z,https://x.com/nganispage/status/2027381901007184194,"Yeah until your fun days are over, age reduces your movement to atound house and you're not fun 😒 anymore. 
You be sitting alone and hating the living coz you be dead waiting for your death day. Angel of death is patient with this type. It is fucked up if you are broke.","Yeah until your fun days are over, age reduces your movement to atound house and you're not fun 😒 anymore. You be sitting alone and hating the living coz you be dead waiting for your death day. Angel of death is patient with this type. It is fucked up if you are broke.",True,piece_relevant
2027377179923804462,,Where did you read all this....,5,1,0,0,2026-02-27T13:36:00.000Z,https://x.com/Qadeer_001/status/2027377179923804462,Where did you read all this....,Where did you read all this....,False,weak
2027377839356457400,,In one of podcast. But it is in Arabic language.,1,0,0,0,2026-02-27T13:38:00.000Z,https://x.com/i38at/status/2027377839356457400,In one of podcast. But it is in Arabic language.,In one of podcast. But it is in Arabic language.,False,weak
2027380873021026789,,This has nothing to do with love,6,0,0,0,2026-02-27T13:50:00.000Z,https://x.com/sertommie/status/2027380873021026789,This has nothing to do with love,This has nothing to do with love,True,piece_relevant
2027411877605658770,,"😂😂😂,huyu heartbreak inaeza muua aki.",5,1,0,0,2026-02-27T15:53:00.000Z,https://x.com/JusperMosesekbz/status/2027411877605658770,"😂😂😂,huyu heartbreak inaeza muua aki.","😂😂😂,huyu heartbreak inaeza muua aki.",True,emotive_reaction
2027405802269556932,,Wewe bado ni mgeni jijini 🤣🤣🤣,4,0,0,0,2026-02-27T15:29:00.000Z,https://x.com/jimmy_olola/status/2027405802269556932,Wewe bado ni mgeni jijini 🤣🤣🤣,Wewe bado ni mgeni jijini 🤣🤣🤣,False,weak
2027382290775470217,,😂😂utaona dust mzee,2,0,0,0,2026-02-27T13:56:00.000Z,https://x.com/comfort690111/status/2027382290775470217,😂😂utaona dust mzee,😂😂utaona dust mzee,False,weak
2027401740031521221,,You will cry one day,2,0,0,0,2026-02-27T15:13:00.000Z,https://x.com/RAsitaka/status/2027401740031521221,You will cry one day,You will cry one day,False,weak
2027456053483319568,,😂😂😂 mnakuaga aje,1,0,0,0,2026-02-27T18:49:00.000Z,https://x.com/sargutajnr/status/2027456053483319568,😂😂😂 mnakuaga aje,😂😂😂 mnakuaga aje,False,too_short
2027426931101057320,,"What is ""true love""",1,0,0,0,2026-02-27T16:53:00.000Z,https://x.com/FutballGrads254/status/2027426931101057320,"What is ""true love""","What is ""true love""",True,piece_relevant
2027417479262126255,,You are a stupid boy,1,0,0,0,2026-02-27T16:16:00.000Z,https://x.com/wiknelli/status/2027417479262126255,You are a stupid boy,You are a stupid boy,False,weak
2027658018804887618,,Unasema nini wewe?,0,0,0,0,2026-02-28T08:11:00.000Z,https://x.com/jan_ndungu/status/2027658018804887618,Unasema nini wewe?,Unasema nini wewe?,False,weak
2027726768598126960,,"Nkt ,get out dude",0,0,0,0,2026-02-28T12:45:00.000Z,https://x.com/geoo_______/status/2027726768598126960,"Nkt ,get out dude","Nkt ,get out dude",False,weak
2031441743535657285,,"So you can have a favourite parent, child, cousin, auntie, uncle, niece & nephew but cars and women is where you draw the line ...you must have 1 to cherish it...I wanda 🚮",0,0,0,0,2026-03-10T18:47:00.000Z,https://x.com/DeFi_Nuggets/status/2031441743535657285,"So you can have a favourite parent, child, cousin, auntie, uncle, niece & nephew but cars and women is where you draw the line ...you must have 1 to cherish it...I wanda 🚮","So you can have a favourite parent, child, cousin, auntie, uncle, niece & nephew but cars and women is where you draw the line ...you must have 1 to cherish it...I wanda 🚮",True,piece_relevant
2027396069580034449,,"Hallo if you love shoes ,,bro gotta have  a collection",1,0,0,0,2026-02-27T14:51:00.000Z,https://x.com/Nerville_8/status/2027396069580034449,"Hallo if you love shoes ,,bro gotta have  a collection","Hallo if you love shoes ,,bro gotta have a collection",True,piece_relevant
2027367012393972214,,I'm paying back immediately let's go,1,0,0,0,2026-02-27T12:55:00.000Z,https://x.com/MillicentTamar6/status/2027367012393972214,I'm paying back immediately let's go,I'm paying back immediately let's go,False,weak
2027501842406539323,,Women are not cars,1,0,0,0,2026-02-27T21:51:00.000Z,https://x.com/KayodeTairu/status/2027501842406539323,Women are not cars,Women are not cars,True,piece_relevant
2027354530246001137,,Ukianza kuadvise watu jua akili iko below sea level,1,0,0,0,2026-02-27T12:06:00.000Z,https://x.com/itskifee0/status/2027354530246001137,Ukianza kuadvise watu jua akili iko below sea level,Ukianza kuadvise watu jua akili iko below sea level,False,weak
2027484553187651924,,brokeness,1,0,0,0,2026-02-27T20:42:00.000Z,https://x.com/aendepe/status/2027484553187651924,brokeness,brokeness,False,too_short
2027472127482359973,,"Monogamy is often just a fancy word for ""lack of options.""

If you have the drive to own the fleet, the estate, and the empire, why would you stop at the shoreline of your personal life?

Top G’s don’t settle for ""just one"" of anything. G’s lead circles not lines.",1,0,0,0,2026-02-27T19:53:00.000Z,https://x.com/samorasouth/status/2027472127482359973,"Monogamy is often just a fancy word for ""lack of options.""

If you have the drive to own the fleet, the estate, and the empire, why would you stop at the shoreline of your personal life?

Top G’s don’t settle for ""just one"" of anything. G’s lead circles not lines.","Monogamy is often just a fancy word for ""lack of options."" If you have the drive to own the fleet, the estate, and the empire, why would you stop at the shoreline of your personal life? Top G's don't settle for ""just one"" of anything. G's lead circles not lines.",True,piece_relevant
2027373091274273227,,"Women are not cars so your line of reasoning is already questionable.
Lakini anto daher adek tatu.",1,0,0,0,2026-02-27T13:19:00.000Z,https://x.com/Ochiengbimos/status/2027373091274273227,"Women are not cars so your line of reasoning is already questionable.
Lakini anto daher adek tatu.",Women are not cars so your line of reasoning is already questionable. Lakini anto daher adek tatu.,True,piece_relevant
2027414098669887614,,We exist. Those with only one Woman.,1,0,0,0,2026-02-27T16:02:00.000Z,https://x.com/iam_tall_dark/status/2027414098669887614,We exist. Those with only one Woman.,We exist. Those with only one Woman.,True,piece_relevant
2027356049880052026,,Shida ni ganji,1,0,0,0,2026-02-27T12:12:00.000Z,https://x.com/AnthonyMuange00/status/2027356049880052026,Shida ni ganji,Shida ni ganji,False,weak
2027364693698834493,,Ow several.and settle witg 9 wives,1,0,0,0,2026-02-27T12:46:00.000Z,https://x.com/shirt_gpt/status/2027364693698834493,Ow several.and settle witg 9 wives,Ow several.and settle witg 9 wives,False,weak
2027679542626673099,,Some people don't even choose women bana,1,0,0,0,2026-02-28T09:37:00.000Z,https://x.com/sawe_kevin72339/status/2027679542626673099,Some people don't even choose women bana,Some people don't even choose women bana,True,piece_relevant
2027527582078345374,,"Agreed. Even the men in the Bible had one mission, to serve their higher purpose. Abraham, Issac, Jacob had 3+ wives. That's how they multiplied faster. Modern man is serving a woman, giving power to the wrong purpose. I'l be marrying 3 wives , several hot side chicks too",1,0,0,0,2026-02-27T23:33:00.000Z,https://x.com/ResidentSiaya/status/2027527582078345374,"Agreed. Even the men in the Bible had one mission, to serve their higher purpose. Abraham, Issac, Jacob had 3+ wives. That's how they multiplied faster. Modern man is serving a woman, giving power to the wrong purpose. I'l be marrying 3 wives , several hot side chicks too","Agreed. Even the men in the Bible had one mission, to serve their higher purpose. Abraham, Issac, Jacob had 3+ wives. That's how they multiplied faster. Modern man is serving a woman, giving power to the wrong purpose. I'l be marrying 3 wives , several hot side chicks too",True,piece_relevant
2027462975330586947,,"Women are not cars. Thats the easiest way to end up broke, dead or in deep s@*t.",1,0,0,0,2026-02-27T19:16:00.000Z,https://x.com/Shauriismyname/status/2027462975330586947,"Women are not cars. Thats the easiest way to end up broke, dead or in deep s@*t.","Women are not cars. Thats the easiest way to end up broke, dead or in deep s@*t.",True,piece_relevant
2027512249745543314,,"When you realize women be  headache,  you go stick to even none.  😂 
Oxymoron.",1,0,0,0,2026-02-27T22:32:00.000Z,https://x.com/Wahtheydomydawg/status/2027512249745543314,"When you realize women be  headache,  you go stick to even none.  😂 
Oxymoron.","When you realize women be headache, you go stick to even none. 😂 Oxymoron.",True,piece_relevant
2027483641765396872,,"Ni kukaliwa bro, they need some serious whipping to reset the software. Kuna ka virus kanawakula. Long live the free dick-tator.....😎",1,0,0,0,2026-02-27T20:39:00.000Z,https://x.com/te_besh/status/2027483641765396872,"Ni kukaliwa bro, they need some serious whipping to reset the software. Kuna ka virus kanawakula. Long live the free dick-tator.....😎","Ni kukaliwa bro, they need some serious whipping to reset the software. Kuna ka virus kanawakula. Long live the free dick-tator.....😎",False,weak
2027379444956975226,,Women are not cars you dumb toad!,1,0,0,0,2026-02-27T13:45:00.000Z,https://x.com/AyrynSherry/status/2027379444956975226,Women are not cars you dumb toad!,Women are not cars you dumb toad!,True,piece_relevant
2027380654988513480,,You learnt this the hard way.,1,0,0,0,2026-02-27T13:49:00.000Z,https://x.com/braayo_/status/2027380654988513480,You learnt this the hard way.,You learnt this the hard way.,True,content_reaction
2027357742453715308,,"Because cars don't grow on trees Kibe

Each woman comes with a bill",1,1,0,0,2026-02-27T12:18:00.000Z,https://x.com/Koku_Sen__/status/2027357742453715308,"Because cars don't grow on trees Kibe

Each woman comes with a bill",Because cars don't grow on trees Kibe Each woman comes with a bill,True,piece_relevant
2027414034094461046,,It's brokeness,0,0,0,0,2026-02-27T16:02:00.000Z,https://x.com/GenAIGadgets/status/2027414034094461046,It's brokeness,It's brokeness,False,too_short
2027360737283244119,,6 is better,0,0,0,0,2026-02-27T12:30:00.000Z,https://x.com/Xtrapressure_/status/2027360737283244119,6 is better,6 is better,False,weak
2027359151576228008,,Wee fanya umalaya pekee yako,0,1,0,0,2026-02-27T12:24:00.000Z,https://x.com/j_jayfam/status/2027359151576228008,Wee fanya umalaya pekee yako,Wee fanya umalaya pekee yako,False,weak
2027424394306343017,,Brokenness na kujiheshimu pia,0,0,0,0,2026-02-27T16:43:00.000Z,https://x.com/__Obsequious/status/2027424394306343017,Brokenness na kujiheshimu pia,Brokenness na kujiheshimu pia,False,weak
2027647056869744896,,It's called freedom of association,0,0,0,0,2026-02-28T07:28:00.000Z,https://x.com/AlooGeoff/status/2027647056869744896,It's called freedom of association,It's called freedom of association,False,weak
2027454961160761736,,BRO IS ON SOME SERIOUS BUSINESS🤝🤝,0,0,0,0,2026-02-27T18:45:00.000Z,https://x.com/_RESILIENT_WOLF/status/2027454961160761736,BRO IS ON SOME SERIOUS BUSINESS🤝🤝,BRO IS ON SOME SERIOUS BUSINESS🤝🤝,False,weak
2027480580221178096,,This ain't about women,0,0,0,0,2026-02-27T20:26:00.000Z,https://x.com/CharlesO51808/status/2027480580221178096,This ain't about women,This ain't about women,True,piece_relevant
2027484770930696260,,Nani alikufanya ivi bratha 😂,0,0,0,0,2026-02-27T20:43:00.000Z,https://x.com/elevate_bro/status/2027484770930696260,Nani alikufanya ivi bratha 😂,Nani alikufanya ivi bratha 😂,False,weak
2027358669709484410,,Tukue na at least wangapi mkuu,0,0,0,0,2026-02-27T12:22:00.000Z,https://x.com/ceokulgroup/status/2027358669709484410,Tukue na at least wangapi mkuu,Tukue na at least wangapi mkuu,False,weak
2027464620949336549,,"One man lost, we are down one man, less one.
The statement is psychologically crippled",0,0,0,0,2026-02-27T19:23:00.000Z,https://x.com/smartwitsajero/status/2027464620949336549,"One man lost, we are down one man, less one.
The statement is psychologically crippled","One man lost, we are down one man, less one. The statement is psychologically crippled",True,piece_relevant
2027363719911457090,,Huyu anakuanga fala kiplani,0,0,0,0,2026-02-27T12:42:00.000Z,https://x.com/lenyzhelen/status/2027363719911457090,Huyu anakuanga fala kiplani,Huyu anakuanga fala kiplani,False,weak
2027539786932555867,,I can't afford all the repairs plus insurance...,0,0,0,0,2026-02-28T00:22:00.000Z,https://x.com/Leonard1268796/status/2027539786932555867,I can't afford all the repairs plus insurance...,I can't afford all the repairs plus insurance...,False,weak
2027402356871057722,,"msee kitu huwa unafikiria tu ni kukula women 😂 🫴 hakunanga kitu ingine,",0,0,0,0,2026-02-27T15:16:00.000Z,https://x.com/BrianOchie69260/status/2027402356871057722,"msee kitu huwa unafikiria tu ni kukula women 😂 🫴 hakunanga kitu ingine,","msee kitu huwa unafikiria tu ni kukula women 😂 🫴 hakunanga kitu ingine,",True,piece_relevant
2027359734391869636,,😂😂😂😂😭😭😭,1,0,0,0,2026-02-27T12:26:00.000Z,https://x.com/e_chigolo/status/2027359734391869636,😂😂😂😂😭😭😭,😂😂😂😂😭😭😭,False,emoji_only
2027361951819432371,,Kwani gari unachukua for free?,0,0,0,0,2026-02-27T12:35:00.000Z,https://x.com/dasieca7/status/2027361951819432371,Kwani gari unachukua for free?,Kwani gari unachukua for free?,False,weak
2027368647979643037,,I have 3,0,0,0,0,2026-02-27T13:02:00.000Z,https://x.com/kevinrigathi_/status/2027368647979643037,I have 3,I have 3,False,weak
2027467158029045962,,@followers I teach trading.,0,0,0,0,2026-02-27T19:33:00.000Z,https://x.com/IamOndiko/status/2027467158029045962,@followers I teach trading.,@followers I teach trading.,False,weak
2028201038226821330,,Bwana Kiara Arap makofia wacha ufala.,0,0,0,0,2026-03-01T20:09:00.000Z,https://x.com/zav_alis/status/2028201038226821330,Bwana Kiara Arap makofia wacha ufala.,Bwana Kiara Arap makofia wacha ufala.,False,weak
2027447638337941852,,Kibe his right ….u can’t protect something thats it’s not yours .many men in Kenya does not love themselves. Wake up ur not his father,0,0,0,0,2026-02-27T18:15:00.000Z,https://x.com/Mrgke47/status/2027447638337941852,Kibe his right ….u can’t protect something thats it’s not yours .many men in Kenya does not love themselves. Wake up ur not his father,Kibe his right ….u can't protect something thats it's not yours .many men in Kenya does not love themselves. Wake up ur not his father,True,piece_relevant
2027656104964935870,,"U just need one good woman in ur life ,and u will see the Greatness of that love  . I personally think that a man who finds satisfaction in one woman is greater than a man who finds love in several . No offence ima big fan",0,0,0,0,2026-02-28T08:04:00.000Z,https://x.com/RiggyRaykay_/status/2027656104964935870,"U just need one good woman in ur life ,and u will see the Greatness of that love  . I personally think that a man who finds satisfaction in one woman is greater than a man who finds love in several . No offence ima big fan","U just need one good woman in ur life ,and u will see the Greatness of that love . I personally think that a man who finds satisfaction in one woman is greater than a man who finds love in several . No offence ima big fan",True,piece_relevant
2027359152134058267,,We umedinya wangapi,0,0,0,0,2026-02-27T12:24:00.000Z,https://x.com/derrick_flex/status/2027359152134058267,We umedinya wangapi,We umedinya wangapi,False,weak
2027367212902740079,,Hauweziingia boutique ukiwa bare-footed ' Kinjeketile 1844,0,0,0,0,2026-02-27T12:56:00.000Z,https://x.com/Macasso_/status/2027367212902740079,Hauweziingia boutique ukiwa bare-footed ' Kinjeketile 1844,Hauweziingia boutique ukiwa bare-footed ' Kinjeketile 1844,False,weak
2027365953508454768,,Msoto kaka..,0,0,0,0,2026-02-27T12:51:00.000Z,https://x.com/EIKUNUSAI/status/2027365953508454768,Msoto kaka..,Msoto kaka..,False,too_short
2027361878364602825,,viewing it from a different perspective🤔,0,0,0,0,2026-02-27T12:35:00.000Z,https://x.com/Iwillbedamned1/status/2027361878364602825,viewing it from a different perspective🤔,viewing it from a different perspective🤔,False,weak
2027371177744744894,,They just need to unplug.,0,0,0,0,2026-02-27T13:12:00.000Z,https://x.com/SamHuan_/status/2027371177744744894,They just need to unplug.,They just need to unplug.,False,weak
2027380301832306724,,"You are the one who is sick.
What do multiple women add a man?",0,0,0,0,2026-02-27T13:48:00.000Z,https://x.com/KibeHarun/status/2027380301832306724,"You are the one who is sick.
What do multiple women add a man?",You are the one who is sick. What do multiple women add a man?,True,piece_relevant
2027388992627347751,,"Exactly, I was thinking the same 🙄🙄",0,0,0,0,2026-02-27T14:22:00.000Z,https://x.com/ngotio_shadrack/status/2027388992627347751,"Exactly, I was thinking the same 🙄🙄","Exactly, I was thinking the same 🙄🙄",False,weak
2027372551177973911,,Oneitis.,0,0,0,0,2026-02-27T13:17:00.000Z,https://x.com/MartinShandis/status/2027372551177973911,Oneitis.,Oneitis.,False,too_short
2027382585630806088,,Na hii akili ndo mnataka kuleta change nayo kama kazi ni wanawake na pombe.,0,0,0,0,2026-02-27T13:57:00.000Z,https://x.com/Orleans05271002/status/2027382585630806088,Na hii akili ndo mnataka kuleta change nayo kama kazi ni wanawake na pombe.,Na hii akili ndo mnataka kuleta change nayo kama kazi ni wanawake na pombe.,False,weak
2027355517727703551,,Reasons why a Woman cannot be compared to material things like a car..?,0,0,0,0,2026-02-27T12:09:00.000Z,https://x.com/RwigiDon/status/2027355517727703551,Reasons why a Woman cannot be compared to material things like a car..?,Reasons why a Woman cannot be compared to material things like a car..?,True,piece_relevant
2027357071549604168,,"Things I want to hear in men's circles. 

A man should keep several women. 

And every week you are on a business trip.",0,0,0,0,2026-02-27T12:16:00.000Z,https://x.com/omulosi_eshieyo/status/2027357071549604168,"Things I want to hear in men's circles. 

A man should keep several women. 

And every week you are on a business trip.",Things I want to hear in men's circles. A man should keep several women. And every week you are on a business trip.,True,piece_relevant
2027424075220472227,,"Nmetry but imekataa,😂",0,0,0,0,2026-02-27T16:42:00.000Z,https://x.com/Khaembapaul4/status/2027424075220472227,"Nmetry but imekataa,😂","Nmetry but imekataa,😂",False,weak
2027371237081543038,,Satisfaction is the same.,0,0,0,0,2026-02-27T13:12:00.000Z,https://x.com/_sharkmarketer/status/2027371237081543038,Satisfaction is the same.,Satisfaction is the same.,False,weak
2027354709716341049,,Sisi tuna address serious issues kwa economy wewe bado uko kwa kinywero,0,0,0,0,2026-02-27T12:06:00.000Z,https://x.com/PeterKa88333787/status/2027354709716341049,Sisi tuna address serious issues kwa economy wewe bado uko kwa kinywero,Sisi tuna address serious issues kwa economy wewe bado uko kwa kinywero,False,weak
2027600818040356876,,I keep asking the same question,0,0,0,0,2026-02-28T04:24:00.000Z,https://x.com/sitatiderick/status/2027600818040356876,I keep asking the same question,I keep asking the same question,False,weak
2027600320184942690,,"My grandfather had multiple wives 😂
There is sense in your statement Kifee...every living thing male tend to accommodate multiple wives so you are right 👍",0,0,0,0,2026-02-28T04:22:00.000Z,https://x.com/Davidkarisa8/status/2027600320184942690,"My grandfather had multiple wives 😂
There is sense in your statement Kifee...every living thing male tend to accommodate multiple wives so you are right 👍",My grandfather had multiple wives 😂 There is sense in your statement Kifee...every living thing male tend to accommodate multiple wives so you are right 👍,True,piece_relevant
2027644520867992055,,Cars don't have STIs and some funny spiritual baggage.,0,0,0,0,2026-02-28T07:18:00.000Z,https://x.com/FredrikMachio/status/2027644520867992055,Cars don't have STIs and some funny spiritual baggage.,Cars don't have STIs and some funny spiritual baggage.,True,piece_relevant
2027360145404006562,,"Men are not motorcycles with one headlamp.

Diversify, seduce fuck more women.",0,0,0,0,2026-02-27T12:28:00.000Z,https://x.com/JNayere/status/2027360145404006562,"Men are not motorcycles with one headlamp.

Diversify, seduce fuck more women.","Men are not motorcycles with one headlamp. Diversify, seduce fuck more women.",True,piece_relevant
2027361149625217520,,Scarcity mindsets.,0,0,0,0,2026-02-27T12:32:00.000Z,https://x.com/Kama36378Kamau/status/2027361149625217520,Scarcity mindsets.,Scarcity mindsets.,False,weak
2027376038410375495,,They are too much work,0,0,0,0,2026-02-27T13:31:00.000Z,https://x.com/GichiraMaina/status/2027376038410375495,They are too much work,They are too much work,True,emotive_reaction
2027441958860267699,,Ni kusota,0,0,0,0,2026-02-27T17:53:00.000Z,https://x.com/Tevinchy/status/2027441958860267699,Ni kusota,Ni kusota,False,too_short
2027449527318536438,,Brokeness it is.,0,0,0,0,2026-02-27T18:23:00.000Z,https://x.com/viodera/status/2027449527318536438,Brokeness it is.,Brokeness it is.,False,weak
2027868553601327322,,Nimeambia ivi msee mwenye analea mtoto si wake amenitusi vibaya,0,0,0,0,2026-02-28T22:08:00.000Z,https://x.com/briannyambaso/status/2027868553601327322,Nimeambia ivi msee mwenye analea mtoto si wake amenitusi vibaya,Nimeambia ivi msee mwenye analea mtoto si wake amenitusi vibaya,True,piece_relevant
2027707615019409892,,Love for women has led many men to graves and poverty.,0,0,0,0,2026-02-28T11:29:00.000Z,https://x.com/Anthony17mwangi/status/2027707615019409892,Love for women has led many men to graves and poverty.,Love for women has led many men to graves and poverty.,True,piece_relevant
2027474848348320146,,You are indeed an idiot it's not a joke anymore. This is not even for traction. You are just thick!,0,0,0,0,2026-02-27T20:04:00.000Z,https://x.com/kaibseddie/status/2027474848348320146,You are indeed an idiot it's not a joke anymore. This is not even for traction. You are just thick!,You are indeed an idiot it's not a joke anymore. This is not even for traction. You are just thick!,True,content_reaction
2027721271312552429,,"Could you show us that ONE woman you have LOVED? or TWO? 
There is a huge difference between loving a woman  and having sex with a woman",0,0,0,0,2026-02-28T12:23:00.000Z,https://x.com/FarmBastion/status/2027721271312552429,"Could you show us that ONE woman you have LOVED? or TWO? 
There is a huge difference between loving a woman  and having sex with a woman",Could you show us that ONE woman you have LOVED? or TWO? There is a huge difference between loving a woman and having sex with a woman,True,piece_relevant
2027370388854800838,,"Very valid question, finance broh🤗🤣🤣",0,0,0,0,2026-02-27T13:09:00.000Z,https://x.com/ghatinho56/status/2027370388854800838,"Very valid question, finance broh🤗🤣🤣","Very valid question, finance broh🤗🤣🤣",False,weak
2027694218899271908,,@grok how successful are monogamous marriages compared to polygamous ones?,0,1,0,0,2026-02-28T10:35:00.000Z,https://x.com/FFL_254/status/2027694218899271908,@grok how successful are monogamous marriages compared to polygamous ones?,@grok how successful are monogamous marriages compared to polygamous ones?,True,piece_relevant
2027731210038858098,,Same way am satisfied being Kenyan I will still be satisfied  being a one woman man. Real  Men other important things to do other than running from one Bermuda triangle to another.,0,0,0,0,2026-02-28T13:02:00.000Z,https://x.com/lokorio_junior/status/2027731210038858098,Same way am satisfied being Kenyan I will still be satisfied  being a one woman man. Real  Men other important things to do other than running from one Bermuda triangle to another.,Same way am satisfied being Kenyan I will still be satisfied being a one woman man. Real Men other important things to do other than running from one Bermuda triangle to another.,True,piece_relevant
2031602127844368511,,It's weakness and oneitis,0,0,0,0,2026-03-11T05:24:00.000Z,https://x.com/SikukuNamunyu/status/2031602127844368511,It's weakness and oneitis,It's weakness and oneitis,False,weak
2027694381663129999,,"Studies in shared cultures show monogamous marriages tend to be more stable: lower divorce rates overall, with polygynous ones (esp. 3+ wives) up to 5x higher. Women in polygamous setups face 2.25x higher depression odds and worse family functioning/satisfaction per 2021 meta-analysis. Husbands often report higher satisfaction with extra wives. Recent data finds no clear child outcome edge for monogamy, sometimes polygyny aids resilience in tough conditions. Success hinges on culture and people.",0,0,0,0,2026-02-28T10:36:00.000Z,https://x.com/grok/status/2027694381663129999,"Studies in shared cultures show monogamous marriages tend to be more stable: lower divorce rates overall, with polygynous ones (esp. 3+ wives) up to 5x higher. Women in polygamous setups face 2.25x higher depression odds and worse family functioning/satisfaction per 2021 meta-analysis. Husbands often report higher satisfaction with extra wives. Recent data finds no clear child outcome edge for monogamy, sometimes polygyny aids resilience in tough conditions. Success hinges on culture and people.","Studies in shared cultures show monogamous marriages tend to be more stable: lower divorce rates overall, with polygynous ones (esp. 3+ wives) up to 5x higher. Women in polygamous setups face 2.25x higher depression odds and worse family functioning/satisfaction per 2021 meta-analysis. Husbands often report higher satisfaction with extra wives. Recent data finds no clear child outcome edge for monogamy, sometimes polygyny aids resilience in tough conditions. Success hinges on culture and people.",True,piece_relevant
2027404316974174683,,Doleful,0,0,0,0,2026-02-27T15:23:00.000Z,https://x.com/OeriSamson/status/2027404316974174683,Doleful,Doleful,False,too_short
2027473142088634764,,"Most women are unimpressive compared to men but when two people who have worked on themselves come together they have no choice but to be consumed in one another.
It’s not just men that ‘settle’ your Russian egonga alipita na married women because they settled.",0,0,0,0,2026-02-27T19:57:00.000Z,https://x.com/socialmedussa/status/2027473142088634764,"Most women are unimpressive compared to men but when two people who have worked on themselves come together they have no choice but to be consumed in one another.
It’s not just men that ‘settle’ your Russian egonga alipita na married women because they settled.",Most women are unimpressive compared to men but when two people who have worked on themselves come together they have no choice but to be consumed in one another. It's not just men that 'settle' your Russian egonga alipita na married women because they settled.,True,piece_relevant
2027452996867502421,,Brokeness and kukosa nguvu za kiume,0,0,0,0,2026-02-27T18:37:00.000Z,https://x.com/remb_rech/status/2027452996867502421,Brokeness and kukosa nguvu za kiume,Brokeness and kukosa nguvu za kiume,False,weak
2027629431817122129,,And that's the reason you are still roaming in the city as a single man without responsibility of being Aman in your own home at 58?,0,0,0,0,2026-02-28T06:18:00.000Z,https://x.com/AkothJuma7931/status/2027629431817122129,And that's the reason you are still roaming in the city as a single man without responsibility of being Aman in your own home at 58?,And that's the reason you are still roaming in the city as a single man without responsibility of being Aman in your own home at 58?,True,piece_relevant
2027411727013310854,,It's principle and  you have NONE .,0,0,0,0,2026-02-27T15:53:00.000Z,https://x.com/caliansolaris/status/2027411727013310854,It's principle and  you have NONE .,It's principle and you have NONE .,False,weak
2027599103903846467,,You lost it,0,0,0,0,2026-02-28T04:17:00.000Z,https://x.com/realjohnkimina/status/2027599103903846467,You lost it,You lost it,False,weak
2027363320827686987,,Who supports Arsenal and Manchester United at the same time boss?,0,0,0,0,2026-02-27T12:40:00.000Z,https://x.com/areahodhis/status/2027363320827686987,Who supports Arsenal and Manchester United at the same time boss?,Who supports Arsenal and Manchester United at the same time boss?,True,piece_relevant
2027724333389648079,,Not everyone is immoral like you,0,0,0,0,2026-02-28T12:35:00.000Z,https://x.com/Walciv50/status/2027724333389648079,Not everyone is immoral like you,Not everyone is immoral like you,False,weak
2027717763209269700,,"They are not

🌹 Majority are CONDITIONED by religion and PROGRAMMED by society

🌹 Some lack the financial capacity & Status 

🌹 Men PRETEND most to enjoy Marriage

Lastly, majority of us MEN

Are TOLERANCE as SIZE of our Pocket & LEVEL of our accomplishment",0,0,0,0,2026-02-28T12:09:00.000Z,https://x.com/Tradefloss/status/2027717763209269700,"They are not

🌹 Majority are CONDITIONED by religion and PROGRAMMED by society

🌹 Some lack the financial capacity & Status 

🌹 Men PRETEND most to enjoy Marriage

Lastly, majority of us MEN

Are TOLERANCE as SIZE of our Pocket & LEVEL of our accomplishment","They are not 🌹 Majority are CONDITIONED by religion and PROGRAMMED by society 🌹 Some lack the financial capacity & Status 🌹 Men PRETEND most to enjoy Marriage Lastly, majority of us MEN Are TOLERANCE as SIZE of our Pocket & LEVEL of our accomplishment",True,piece_relevant
2027460840748642703,,Wewe ni fala. Endelea kumislead watu simply because it didn't work out how you wanted it. Everyone ain't same,0,0,0,0,2026-02-27T19:08:00.000Z,https://x.com/RenamedSemaj/status/2027460840748642703,Wewe ni fala. Endelea kumislead watu simply because it didn't work out how you wanted it. Everyone ain't same,Wewe ni fala. Endelea kumislead watu simply because it didn't work out how you wanted it. Everyone ain't same,False,weak
2027444639582605438,,You can drive it untill it wears out,0,0,0,0,2026-02-27T18:04:00.000Z,https://x.com/Zizohmapessah/status/2027444639582605438,You can drive it untill it wears out,You can drive it untill it wears out,False,weak
2027400985753071698,,apo kibe tumekuachia mix n synchronize them,0,0,0,0,2026-02-27T15:10:00.000Z,https://x.com/Keyz244693Keyz/status/2027400985753071698,apo kibe tumekuachia mix n synchronize them,apo kibe tumekuachia mix n synchronize them,False,weak
2027364807792328785,,Tunafaa kukuwa na wangapi utmost,3,0,0,0,2026-02-27T12:46:00.000Z,https://x.com/jeffkipro254/status/2027364807792328785,Tunafaa kukuwa na wangapi utmost,Tunafaa kukuwa na wangapi utmost,False,weak
2027356186194989381,,makosaa unafanya is putting women and cars on the same sentence,3,0,0,0,2026-02-27T12:12:00.000Z,https://x.com/de_mkuu/status/2027356186194989381,makosaa unafanya is putting women and cars on the same sentence,makosaa unafanya is putting women and cars on the same sentence,True,piece_relevant
2027371738393088164,,Napenda hao wanaume wanajua what true love is they are talking with dignity,1,0,0,0,2026-02-27T13:14:00.000Z,https://x.com/EOnyango52618/status/2027371738393088164,Napenda hao wanaume wanajua what true love is they are talking with dignity,Napenda hao wanaume wanajua what true love is they are talking with dignity,True,piece_relevant
2027362568788930565,,inexperienced mofos,1,0,0,0,2026-02-27T12:37:00.000Z,https://x.com/Mkimbizi0/status/2027362568788930565,inexperienced mofos,inexperienced mofos,False,too_short
2027363961679556667,,"When my brokenness is cured, this sickness will disappear instantly. Nawa pile  kwa tray kama mayai. Gaddamit.",1,0,0,0,2026-02-27T12:43:00.000Z,https://x.com/Mugaza254/status/2027363961679556667,"When my brokenness is cured, this sickness will disappear instantly. Nawa pile  kwa tray kama mayai. Gaddamit.","When my brokenness is cured, this sickness will disappear instantly. Nawa pile kwa tray kama mayai. Gaddamit.",True,content_reaction
2027405648401469804,,You are right,1,0,0,0,2026-02-27T15:29:00.000Z,https://x.com/Darrenvickmell/status/2027405648401469804,You are right,You are right,False,weak
2027390950322962725,,you loosing it now gathee. same bitches we are avoiding ?,1,0,0,0,2026-02-27T14:30:00.000Z,https://x.com/franciskaguru1/status/2027390950322962725,you loosing it now gathee. same bitches we are avoiding ?,you loosing it now gathee. same bitches we are avoiding ?,False,weak
2027375776706777250,,Kumbe the more I repeat reading the more am getting confused🤔,0,0,0,0,2026-02-27T13:30:00.000Z,https://x.com/Ke_Travy/status/2027375776706777250,Kumbe the more I repeat reading the more am getting confused🤔,Kumbe the more I repeat reading the more am getting confused🤔,False,weak
2027696699817197588,,Kuna mtu anafuatanga story zote za kifee,0,0,0,0,2026-02-28T10:45:00.000Z,https://x.com/Eliwhite24/status/2027696699817197588,Kuna mtu anafuatanga story zote za kifee,Kuna mtu anafuatanga story zote za kifee,False,weak
2027365253319671841,,🤣🤣🤣 I wonder,0,0,0,0,2026-02-27T12:48:00.000Z,https://x.com/Kenyanfiness254/status/2027365253319671841,🤣🤣🤣 I wonder,🤣🤣🤣 I wonder,False,too_short
2027386899141194042,,"Mmoja amenishinda already,, I like solitude due to lack of funds",0,0,0,0,2026-02-27T14:14:00.000Z,https://x.com/LemashonMark58/status/2027386899141194042,"Mmoja amenishinda already,, I like solitude due to lack of funds","Mmoja amenishinda already,, I like solitude due to lack of funds",True,piece_relevant
2027495926240031135,,So NI gari ama NI women,0,0,0,0,2026-02-27T21:27:00.000Z,https://x.com/Rastawenu/status/2027495926240031135,So NI gari ama NI women,So NI gari ama NI women,True,piece_relevant
