author,comment,commentsCount,pageUrl,replyCount,title,type,videoID,voteCount,comment_text,comment_text_norm,keep,keep_reason
@marygithui7958,"I wasn't prepared for this.
Damn.
I am sorry for having to experience this,as a child.",175,https://www.youtube.com/watch?v=BCDdf4fSpYg,0,Undoing My Father’s Damage - Onyango Otieno (Rix poet),comment,,0,"I wasn't prepared for this.
Damn.
I am sorry for having to experience this,as a child.","I wasn't prepared for this. Damn. I am sorry for having to experience this,as a child.",True,content_reaction
@pamelaotieno857,I can't stop crying. What a parent!,175,https://www.youtube.com/watch?v=BCDdf4fSpYg,0,Undoing My Father’s Damage - Onyango Otieno (Rix poet),comment,,0,I can't stop crying. What a parent!,I can't stop crying. What a parent!,True,piece_relevant
@jacksonogandoh9637,"From your story it looks like you were also a bad child, don't blame it on your dad 100%",175,https://www.youtube.com/watch?v=BCDdf4fSpYg,0,Undoing My Father’s Damage - Onyango Otieno (Rix poet),comment,,0,"From your story it looks like you were also a bad child, don't blame it on your dad 100%","From your story it looks like you were also a bad child, don't blame it on your dad 100%",True,content_reaction
@wawanjohi,"There's a layer of sadness in his face and voice even after dealing with all that trauma intentionally through therapy. And to think that he stood a chance to have a totally different life if the parents did a good job raising him 😢 is sad. 

It is evident that parents indeed shape their kid's lives.",175,https://www.youtube.com/watch?v=BCDdf4fSpYg,0,Undoing My Father’s Damage - Onyango Otieno (Rix poet),comment,,2,"There's a layer of sadness in his face and voice even after dealing with all that trauma intentionally through therapy. And to think that he stood a chance to have a totally different life if the parents did a good job raising him 😢 is sad. 

It is evident that parents indeed shape their kid's lives.",There's a layer of sadness in his face and voice even after dealing with all that trauma intentionally through therapy. And to think that he stood a chance to have a totally different life if the parents did a good job raising him 😢 is sad. It is evident that parents indeed shape their kid's lives.,True,piece_relevant
@muthoniblessed155,Your dad should go straight to jail..😢 may he face hell alive😮,175,https://www.youtube.com/watch?v=BCDdf4fSpYg,0,Undoing My Father’s Damage - Onyango Otieno (Rix poet),comment,,0,Your dad should go straight to jail..😢 may he face hell alive😮,Your dad should go straight to jail..😢 may he face hell alive😮,True,scope_relevant
@myterrynYT,Weeee....,175,https://www.youtube.com/watch?v=BCDdf4fSpYg,0,Undoing My Father’s Damage - Onyango Otieno (Rix poet),comment,,0,Weeee....,Weeee....,False,too_short
@JoanMaina-l3t,"This has touched my heart. As he was telling the story, I was visualising and I have felt his pain. This is one of the best stories I have heard. Thank you for sharing it ❤",175,https://www.youtube.com/watch?v=BCDdf4fSpYg,0,Undoing My Father’s Damage - Onyango Otieno (Rix poet),comment,,0,"This has touched my heart. As he was telling the story, I was visualising and I have felt his pain. This is one of the best stories I have heard. Thank you for sharing it ❤","This has touched my heart. As he was telling the story, I was visualising and I have felt his pain. This is one of the best stories I have heard. Thank you for sharing it ❤",True,piece_relevant
@Lillyanne26,People hate single mothers but this is the typical home with dads😢😮,175,https://www.youtube.com/watch?v=BCDdf4fSpYg,2,Undoing My Father’s Damage - Onyango Otieno (Rix poet),comment,,6,People hate single mothers but this is the typical home with dads😢😮,People hate single mothers but this is the typical home with dads😢😮,True,piece_relevant
@MicClay-u3v,In afrika we talk about our dads with nostalgia. I cry for genz they can and will never understand this a father's love,175,https://www.youtube.com/watch?v=BCDdf4fSpYg,0,Undoing My Father’s Damage - Onyango Otieno (Rix poet),comment,,0,In afrika we talk about our dads with nostalgia. I cry for genz they can and will never understand this a father's love,In afrika we talk about our dads with nostalgia. I cry for genz they can and will never understand this a father's love,True,piece_relevant
@kevinmutai6902,"You are strong..sir..ready to fly higher,.Supreme being would guide you..",175,https://www.youtube.com/watch?v=BCDdf4fSpYg,0,Undoing My Father’s Damage - Onyango Otieno (Rix poet),comment,,0,"You are strong..sir..ready to fly higher,.Supreme being would guide you..","You are strong..sir..ready to fly higher,.Supreme being would guide you..",False,weak
@janewerikhe9528,And your mom couldn't protect you?,175,https://www.youtube.com/watch?v=BCDdf4fSpYg,1,Undoing My Father’s Damage - Onyango Otieno (Rix poet),comment,,1,And your mom couldn't protect you?,And your mom couldn't protect you?,False,weak
@janewerikhe9528,Oh dear,175,https://www.youtube.com/watch?v=BCDdf4fSpYg,0,Undoing My Father’s Damage - Onyango Otieno (Rix poet),comment,,0,Oh dear,Oh dear,False,too_short
@benedictkipkemoi-kd5tg,Sorry bro. This is too much,175,https://www.youtube.com/watch?v=BCDdf4fSpYg,0,Undoing My Father’s Damage - Onyango Otieno (Rix poet),comment,,0,Sorry bro. This is too much,Sorry bro. This is too much,True,content_reaction
@aswanb.omondi7669,Great speech. Mental illness is real,175,https://www.youtube.com/watch?v=BCDdf4fSpYg,0,Undoing My Father’s Damage - Onyango Otieno (Rix poet),comment,,0,Great speech. Mental illness is real,Great speech. Mental illness is real,True,scope_relevant
@chrismeshack9423,"Thats just me. I've forgiven my Dad, he's quite old now, but we can't have a father-son relationship. I'm still building on that. Pole ndugu.",175,https://www.youtube.com/watch?v=BCDdf4fSpYg,1,Undoing My Father’s Damage - Onyango Otieno (Rix poet),comment,,0,"Thats just me. I've forgiven my Dad, he's quite old now, but we can't have a father-son relationship. I'm still building on that. Pole ndugu.","Thats just me. I've forgiven my Dad, he's quite old now, but we can't have a father-son relationship. I'm still building on that. Pole ndugu.",True,piece_relevant
@averagejoeke,"YOU STEAL YOUR DAD'S ATM AND WHEN HE GIVES YOU AN ASS WHOOPING YOU CALL THAT TRAUMA? BRO, YOU JUST WANT TO BE A VICTIM OF ANYTHING AROUND YOU...YOUR DAD, YOUR MIND ETC.. YOU DONT KNOW A THING ABOUT TRAUMA!",175,https://www.youtube.com/watch?v=BCDdf4fSpYg,0,Undoing My Father’s Damage - Onyango Otieno (Rix poet),comment,,0,"YOU STEAL YOUR DAD'S ATM AND WHEN HE GIVES YOU AN ASS WHOOPING YOU CALL THAT TRAUMA? BRO, YOU JUST WANT TO BE A VICTIM OF ANYTHING AROUND YOU...YOUR DAD, YOUR MIND ETC.. YOU DONT KNOW A THING ABOUT TRAUMA!","YOU STEAL YOUR DAD'S ATM AND WHEN HE GIVES YOU AN ASS WHOOPING YOU CALL THAT TRAUMA? BRO, YOU JUST WANT TO BE A VICTIM OF ANYTHING AROUND YOU...YOUR DAD, YOUR MIND ETC.. YOU DONT KNOW A THING ABOUT TRAUMA!",True,piece_relevant
@laureenamondi6913,Go champ you are a wonderful person🎉,175,https://www.youtube.com/watch?v=BCDdf4fSpYg,0,Undoing My Father’s Damage - Onyango Otieno (Rix poet),comment,,0,Go champ you are a wonderful person🎉,Go champ you are a wonderful person🎉,False,weak
@Wakilispeare,Beautiful 💕💐👌🏽,175,https://www.youtube.com/watch?v=BCDdf4fSpYg,0,Undoing My Father’s Damage - Onyango Otieno (Rix poet),comment,,0,Beautiful 💕💐👌🏽,Beautiful 💕💐👌🏽,False,too_short
@GeekyGumbots,Poor kid,175,https://www.youtube.com/watch?v=BCDdf4fSpYg,0,Undoing My Father’s Damage - Onyango Otieno (Rix poet),comment,,0,Poor kid,Poor kid,False,too_short
@kirowompeter1706,Pathetic indeed,175,https://www.youtube.com/watch?v=BCDdf4fSpYg,0,Undoing My Father’s Damage - Onyango Otieno (Rix poet),comment,,0,Pathetic indeed,Pathetic indeed,False,too_short
@Lillyanne26,Pia her she was a victim of the monster 😮,175,https://www.youtube.com/watch?v=BCDdf4fSpYg,0,Undoing My Father’s Damage - Onyango Otieno (Rix poet),reply,,0,Pia her she was a victim of the monster 😮,Pia her she was a victim of the monster 😮,False,weak
@janetadhiambo7721,Hugs 🫂,175,https://www.youtube.com/watch?v=BCDdf4fSpYg,0,Undoing My Father’s Damage - Onyango Otieno (Rix poet),reply,,0,Hugs 🫂,Hugs 🫂,False,too_short
@estherkuria3170,I can't finish listening to this 😥,175,https://www.youtube.com/watch?v=BCDdf4fSpYg,0,Undoing My Father’s Damage - Onyango Otieno (Rix poet),comment,,0,I can't finish listening to this 😥,I can't finish listening to this 😥,True,content_reaction
@lynmoraah,"Such a bad father
I am very upset with him
Wherever he is , I hope he listens to this from his own son",175,https://www.youtube.com/watch?v=BCDdf4fSpYg,0,Undoing My Father’s Damage - Onyango Otieno (Rix poet),comment,,0,"Such a bad father
I am very upset with him
Wherever he is , I hope he listens to this from his own son","Such a bad father I am very upset with him Wherever he is , I hope he listens to this from his own son",True,piece_relevant
@roseoketch2740,May God bless you all.,175,https://www.youtube.com/watch?v=BCDdf4fSpYg,0,Undoing My Father’s Damage - Onyango Otieno (Rix poet),comment,,0,May God bless you all.,May God bless you all.,False,weak
@rebeccahwanjiru4393,"Thanks for sharing your story. I can totally relate. Still dealing with childhood trauma, sometimes it feels like i have forgotten but the truth is that my memory has locked those occurrences somewhere so far as a way to protect me from the pain of the past. One day at a time.",175,https://www.youtube.com/watch?v=BCDdf4fSpYg,0,Undoing My Father’s Damage - Onyango Otieno (Rix poet),comment,,4,"Thanks for sharing your story. I can totally relate. Still dealing with childhood trauma, sometimes it feels like i have forgotten but the truth is that my memory has locked those occurrences somewhere so far as a way to protect me from the pain of the past. One day at a time.","Thanks for sharing your story. I can totally relate. Still dealing with childhood trauma, sometimes it feels like i have forgotten but the truth is that my memory has locked those occurrences somewhere so far as a way to protect me from the pain of the past. One day at a time.",True,piece_relevant
@SueLyons1,"06:57 'I was accustomed to being beaten up' 😔
08:23 'People were so used to screams in my house' 😔
10:27 'What I do know is I couldn't walk for two weeks'  😞
13:14 'I grew up in so much silence' 😔 
19:04 'There's just a tiredness to life' 😔 
I am so sorry for your ten year old experience and the mental health challenges it brought into your life

21:32 'I was loved' ❤
22:47 'The more I spoke up... the more I related to others... 23:04 our upbringing, our socialisation, we are told, toughen it up... we are not meant to bottle it up; we are meant to talk 23:38 we are meant to love; we are meant to express ourselves' 23:58 'so many of us are living with so much shame that we didn't cause ourselves... so that we are ashamed to really live in our truth'
'No matter how much the affliction you've been through as a person, as a community, as a family, 24:36 you are willing, if you want, to get better: it's possible... your trauma does not have to define you; I am defined by love' ❤
Such a beautiful, hopeful, peaceful end. May you continue in peace.",175,https://www.youtube.com/watch?v=BCDdf4fSpYg,0,Undoing My Father’s Damage - Onyango Otieno (Rix poet),comment,,14,"06:57 'I was accustomed to being beaten up' 😔
08:23 'People were so used to screams in my house' 😔
10:27 'What I do know is I couldn't walk for two weeks'  😞
13:14 'I grew up in so much silence' 😔 
19:04 'There's just a tiredness to life' 😔 
I am so sorry for your ten year old experience and the mental health challenges it brought into your life

21:32 'I was loved' ❤
22:47 'The more I spoke up... the more I related to others... 23:04 our upbringing, our socialisation, we are told, toughen it up... we are not meant to bottle it up; we are meant to talk 23:38 we are meant to love; we are meant to express ourselves' 23:58 'so many of us are living with so much shame that we didn't cause ourselves... so that we are ashamed to really live in our truth'
'No matter how much the affliction you've been through as a person, as a community, as a family, 24:36 you are willing, if you want, to get better: it's possible... your trauma does not have to define you; I am defined by love' ❤
Such a beautiful, hopeful, peaceful end. May you continue in peace.","06:57 'I was accustomed to being beaten up' 😔 08:23 'People were so used to screams in my house' 😔 10:27 'What I do know is I couldn't walk for two weeks' 😞 13:14 'I grew up in so much silence' 😔 19:04 'There's just a tiredness to life' 😔 I am so sorry for your ten year old experience and the mental health challenges it brought into your life 21:32 'I was loved' ❤ 22:47 'The more I spoke up... the more I related to others... 23:04 our upbringing, our socialisation, we are told, toughen it up... we are not meant to bottle it up; we are meant to talk 23:38 we are meant to love; we are meant to express ourselves' 23:58 'so many of us are living with so much shame that we didn't cause ourselves... so that we are ashamed to really live in our truth' 'No matter how much the affliction you've been through as a person, as a community, as a family, 24:36 you are willing, if you want, to get better: it's possible... your trauma does not have to define you; I am defined by love' ❤ Such a beautiful, hopeful, peaceful end. May you continue in peace.",True,piece_relevant
@chriskelvink9512,I went through a similar case my mum rushed to check where she kept her purse and missed it and thought I had stolen her cash she beat the hell out of me and at some point went for a panga I escaped through the window. I was only 15 in class eight. it still haunts me because i was innocent.,175,https://www.youtube.com/watch?v=BCDdf4fSpYg,3,Undoing My Father’s Damage - Onyango Otieno (Rix poet),comment,,0,I went through a similar case my mum rushed to check where she kept her purse and missed it and thought I had stolen her cash she beat the hell out of me and at some point went for a panga I escaped through the window. I was only 15 in class eight. it still haunts me because i was innocent.,I went through a similar case my mum rushed to check where she kept her purse and missed it and thought I had stolen her cash she beat the hell out of me and at some point went for a panga I escaped through the window. I was only 15 in class eight. it still haunts me because i was innocent.,True,scope_relevant
@dalidzucheredi2495,I'm not sure I can listen to the end,175,https://www.youtube.com/watch?v=BCDdf4fSpYg,0,Undoing My Father’s Damage - Onyango Otieno (Rix poet),comment,,0,I'm not sure I can listen to the end,I'm not sure I can listen to the end,False,weak
@lehanLovega8326,👏🏾👏🏾👏🏾👏🏾!,175,https://www.youtube.com/watch?v=BCDdf4fSpYg,0,Undoing My Father’s Damage - Onyango Otieno (Rix poet),comment,,0,👏🏾👏🏾👏🏾👏🏾!,👏🏾👏🏾👏🏾👏🏾!,False,emoji_only
@austheticstudios9295,"Am a poet, almost same story like mine. Poem is the only place i feel heard at the same time relieved. It is a different world away from the natural one. Where I ride a lion and sleep peacefully with snakes. You know👌🏽",175,https://www.youtube.com/watch?v=BCDdf4fSpYg,0,Undoing My Father’s Damage - Onyango Otieno (Rix poet),comment,,2,"Am a poet, almost same story like mine. Poem is the only place i feel heard at the same time relieved. It is a different world away from the natural one. Where I ride a lion and sleep peacefully with snakes. You know👌🏽","Am a poet, almost same story like mine. Poem is the only place i feel heard at the same time relieved. It is a different world away from the natural one. Where I ride a lion and sleep peacefully with snakes. You know👌🏽",True,content_reaction
@phoebekardita3469,"Maaahn 🔥🔥you are so brave,
Some of us still have traumas caused by our parents,we still carry the luggage around,not knowing how to drop it cause some traumas feel spiritual 🤞....
But at the end of the day we have to find peace and if we won't we'll have to create it.",175,https://www.youtube.com/watch?v=BCDdf4fSpYg,0,Undoing My Father’s Damage - Onyango Otieno (Rix poet),comment,,2,"Maaahn 🔥🔥you are so brave,
Some of us still have traumas caused by our parents,we still carry the luggage around,not knowing how to drop it cause some traumas feel spiritual 🤞....
But at the end of the day we have to find peace and if we won't we'll have to create it.","Maaahn 🔥🔥you are so brave, Some of us still have traumas caused by our parents,we still carry the luggage around,not knowing how to drop it cause some traumas feel spiritual 🤞.... But at the end of the day we have to find peace and if we won't we'll have to create it.",True,piece_relevant
@Zee_CA,This soo traumatic and ruthless for a  10yr old kid. Sad.,175,https://www.youtube.com/watch?v=BCDdf4fSpYg,0,Undoing My Father’s Damage - Onyango Otieno (Rix poet),comment,,0,This soo traumatic and ruthless for a  10yr old kid. Sad.,This soo traumatic and ruthless for a 10yr old kid. Sad.,True,piece_relevant
@freeasabirdtabutany,So sorry for all you went through. What a monster dad,175,https://www.youtube.com/watch?v=BCDdf4fSpYg,0,Undoing My Father’s Damage - Onyango Otieno (Rix poet),comment,,0,So sorry for all you went through. What a monster dad,So sorry for all you went through. What a monster dad,True,scope_relevant
@janettewatila9854,I am so sorry....... Oh  so so tragic..... Parents really damage children.....,175,https://www.youtube.com/watch?v=BCDdf4fSpYg,0,Undoing My Father’s Damage - Onyango Otieno (Rix poet),comment,,2,I am so sorry....... Oh  so so tragic..... Parents really damage children.....,I am so sorry....... Oh so so tragic..... Parents really damage children.....,True,piece_relevant
@wanjamuchiri132,"""I am hear because I clearly survived"" 
Oooh dear you grew in what you went through😌
Thanks to the power of healing.
I am sending you all the love ❤️",175,https://www.youtube.com/watch?v=BCDdf4fSpYg,0,Undoing My Father’s Damage - Onyango Otieno (Rix poet),comment,,3,"""I am hear because I clearly survived"" 
Oooh dear you grew in what you went through😌
Thanks to the power of healing.
I am sending you all the love ❤️","""I am hear because I clearly survived"" Oooh dear you grew in what you went through😌 Thanks to the power of healing. I am sending you all the love ❤️",True,piece_relevant
@leilajoan9989,"Thanks for sharing.
This takes alot of courage to speak  of.",175,https://www.youtube.com/watch?v=BCDdf4fSpYg,0,Undoing My Father’s Damage - Onyango Otieno (Rix poet),comment,,0,"Thanks for sharing.
This takes alot of courage to speak  of.",Thanks for sharing. This takes alot of courage to speak of.,True,content_reaction
@idawairimu7093,Waaa I don't like that crude child abuse seemingly discipline.. Really destroys self esteem.. So sorry,175,https://www.youtube.com/watch?v=BCDdf4fSpYg,0,Undoing My Father’s Damage - Onyango Otieno (Rix poet),comment,,0,Waaa I don't like that crude child abuse seemingly discipline.. Really destroys self esteem.. So sorry,Waaa I don't like that crude child abuse seemingly discipline.. Really destroys self esteem.. So sorry,True,piece_relevant
@mirriammututo8869,A story well told. I am so glad that God preserved you,175,https://www.youtube.com/watch?v=BCDdf4fSpYg,0,Undoing My Father’s Damage - Onyango Otieno (Rix poet),comment,,0,A story well told. I am so glad that God preserved you,A story well told. I am so glad that God preserved you,True,content_reaction
@jayniemoses8096,This is deep!!,175,https://www.youtube.com/watch?v=BCDdf4fSpYg,0,Undoing My Father’s Damage - Onyango Otieno (Rix poet),comment,,0,This is deep!!,This is deep!!,True,content_reaction
@charlottesanaipei893,Thank you so much for sharing so proud of you,175,https://www.youtube.com/watch?v=BCDdf4fSpYg,0,Undoing My Father’s Damage - Onyango Otieno (Rix poet),comment,,0,Thank you so much for sharing so proud of you,Thank you so much for sharing so proud of you,True,content_reaction
@maryann9679,Very deep. You are brave and thank you for touching lives.,175,https://www.youtube.com/watch?v=BCDdf4fSpYg,0,Undoing My Father’s Damage - Onyango Otieno (Rix poet),comment,,1,Very deep. You are brave and thank you for touching lives.,Very deep. You are brave and thank you for touching lives.,True,content_reaction
@This_is_CKM,Single mothers are much worse than any Dad I can think of...,175,https://www.youtube.com/watch?v=BCDdf4fSpYg,0,Undoing My Father’s Damage - Onyango Otieno (Rix poet),reply,,0,Single mothers are much worse than any Dad I can think of...,Single mothers are much worse than any Dad I can think of...,True,scope_relevant
@lilianlutomiah7332,Heal,175,https://www.youtube.com/watch?v=BCDdf4fSpYg,0,Undoing My Father’s Damage - Onyango Otieno (Rix poet),reply,,0,Heal,Heal,False,weak
@afsachesang2238,Touching how can one get to you a friend in that situation,175,https://www.youtube.com/watch?v=BCDdf4fSpYg,0,Undoing My Father’s Damage - Onyango Otieno (Rix poet),comment,,0,Touching how can one get to you a friend in that situation,Touching how can one get to you a friend in that situation,True,emotive_reaction
@lucys702,"Thank you for sharing. ""Your trauma does not define you"" thank you because that reminded me that my past does not define who I am either.",175,https://www.youtube.com/watch?v=BCDdf4fSpYg,0,Undoing My Father’s Damage - Onyango Otieno (Rix poet),comment,,3,"Thank you for sharing. ""Your trauma does not define you"" thank you because that reminded me that my past does not define who I am either.","Thank you for sharing. ""Your trauma does not define you"" thank you because that reminded me that my past does not define who I am either.",True,piece_relevant
@joycembugua5929,Kudos to those friends who came through for you. They are amazing and blessed,175,https://www.youtube.com/watch?v=BCDdf4fSpYg,0,Undoing My Father’s Damage - Onyango Otieno (Rix poet),comment,,3,Kudos to those friends who came through for you. They are amazing and blessed,Kudos to those friends who came through for you. They are amazing and blessed,False,weak
@omilnetwork,Proud of you.   Thank you.,175,https://www.youtube.com/watch?v=BCDdf4fSpYg,0,Undoing My Father’s Damage - Onyango Otieno (Rix poet),comment,,0,Proud of you.   Thank you.,Proud of you. Thank you.,True,content_reaction
@victoriaehrich7131,I bet he never came back to apologize to the poor 10 year old boy. And that's what makes things so hard on the little boy at the time.,175,https://www.youtube.com/watch?v=BCDdf4fSpYg,0,Undoing My Father’s Damage - Onyango Otieno (Rix poet),comment,,2,I bet he never came back to apologize to the poor 10 year old boy. And that's what makes things so hard on the little boy at the time.,I bet he never came back to apologize to the poor 10 year old boy. And that's what makes things so hard on the little boy at the time.,True,scope_relevant
@victoriaehrich7131,Wow!!! This is too touchy.,175,https://www.youtube.com/watch?v=BCDdf4fSpYg,0,Undoing My Father’s Damage - Onyango Otieno (Rix poet),comment,,0,Wow!!! This is too touchy.,Wow!!! This is too touchy.,False,weak
@nafulawafula-gitonga3502,Thank you for your openness and vulnerability Eric. This takes alot of courage and growth.,175,https://www.youtube.com/watch?v=BCDdf4fSpYg,0,Undoing My Father’s Damage - Onyango Otieno (Rix poet),comment,,2,Thank you for your openness and vulnerability Eric. This takes alot of courage and growth.,Thank you for your openness and vulnerability Eric. This takes alot of courage and growth.,True,content_reaction
@washingtonodera1523,"Your Dad was a cruel abuser , he must have carried that from his past , don’t hold so much forgive him . Thank him for giving you life , forgive him. Our parents went through so much abuse in form of discipline!!!!",175,https://www.youtube.com/watch?v=BCDdf4fSpYg,0,Undoing My Father’s Damage - Onyango Otieno (Rix poet),comment,,0,"Your Dad was a cruel abuser , he must have carried that from his past , don’t hold so much forgive him . Thank him for giving you life , forgive him. Our parents went through so much abuse in form of discipline!!!!","Your Dad was a cruel abuser , he must have carried that from his past , don't hold so much forgive him . Thank him for giving you life , forgive him. Our parents went through so much abuse in form of discipline!!!!",True,piece_relevant
@monicakay8973,"I've listened/watched your story before, I think on Legally Clueless (Not sure). It's as educative today as the first time I listened. As a mum it teaches me:

1. I need to overcome my own traumas.
2. I need to practice intentional parenting especially listening to my child.

May you keep healing and recovering emotionally.",175,https://www.youtube.com/watch?v=BCDdf4fSpYg,1,Undoing My Father’s Damage - Onyango Otieno (Rix poet),comment,,14,"I've listened/watched your story before, I think on Legally Clueless (Not sure). It's as educative today as the first time I listened. As a mum it teaches me:

1. I need to overcome my own traumas.
2. I need to practice intentional parenting especially listening to my child.

May you keep healing and recovering emotionally.","I've listened/watched your story before, I think on Legally Clueless (Not sure). It's as educative today as the first time I listened. As a mum it teaches me: 1. I need to overcome my own traumas. 2. I need to practice intentional parenting especially listening to my child. May you keep healing and recovering emotionally.",True,piece_relevant
@TinnahAchy,This has made me cry 😢 haki. What an animal kind of dad....,175,https://www.youtube.com/watch?v=BCDdf4fSpYg,0,Undoing My Father’s Damage - Onyango Otieno (Rix poet),comment,,0,This has made me cry 😢 haki. What an animal kind of dad....,This has made me cry 😢 haki. What an animal kind of dad....,True,content_reaction
@Js82able,Much hugs on your healing journey,175,https://www.youtube.com/watch?v=BCDdf4fSpYg,0,Undoing My Father’s Damage - Onyango Otieno (Rix poet),comment,,0,Much hugs on your healing journey,Much hugs on your healing journey,True,piece_relevant
@nabululeuria1891,"Rix, your boldness to actually heal from all this 🥺❤",175,https://www.youtube.com/watch?v=BCDdf4fSpYg,0,Undoing My Father’s Damage - Onyango Otieno (Rix poet),comment,,2,"Rix, your boldness to actually heal from all this 🥺❤","Rix, your boldness to actually heal from all this 🥺❤",True,piece_relevant
@kelgk2086,… something had broken…that took me.,175,https://www.youtube.com/watch?v=BCDdf4fSpYg,0,Undoing My Father’s Damage - Onyango Otieno (Rix poet),comment,,1,… something had broken…that took me.,… something had broken…that took me.,False,weak
@Honest_Man,Why is it that it's Mostly women relate with this,175,https://www.youtube.com/watch?v=BCDdf4fSpYg,0,Undoing My Father’s Damage - Onyango Otieno (Rix poet),comment,,3,Why is it that it's Mostly women relate with this,Why is it that it's Mostly women relate with this,True,content_reaction
@ireneabuya7231,"Most of us our childhood was crazy but yours was crazier bro,i pray that you heal fully ,so sorry for what you went thru",175,https://www.youtube.com/watch?v=BCDdf4fSpYg,0,Undoing My Father’s Damage - Onyango Otieno (Rix poet),comment,,0,"Most of us our childhood was crazy but yours was crazier bro,i pray that you heal fully ,so sorry for what you went thru","Most of us our childhood was crazy but yours was crazier bro,i pray that you heal fully ,so sorry for what you went thru",True,piece_relevant
@FavouredBCOD12,Great life story to learn from....Thanks for enlightening many.....Lots of love..Hopefully we'll meet up!,175,https://www.youtube.com/watch?v=BCDdf4fSpYg,0,Undoing My Father’s Damage - Onyango Otieno (Rix poet),comment,,1,Great life story to learn from....Thanks for enlightening many.....Lots of love..Hopefully we'll meet up!,Great life story to learn from....Thanks for enlightening many.....Lots of love..Hopefully we'll meet up!,True,content_reaction
@carpediem1569,I read a book called purple hibiscus by chimamanda the other day and in it there was a similar scene only that it was the feet that got burnt and I thought that that must be fictional. That it can only happen in novels.  That no parent can put their kid through that. And now I'm listening to you and the book came to life. I'm so sorry that happened to you. I'm so happy that you've taken charge of your life  and cut out that toxic parent. There's a reason you're alive today and you will touch and  change more lives than you could ever imagine.  Lots of love and virtual hugs.,175,https://www.youtube.com/watch?v=BCDdf4fSpYg,1,Undoing My Father’s Damage - Onyango Otieno (Rix poet),comment,,11,I read a book called purple hibiscus by chimamanda the other day and in it there was a similar scene only that it was the feet that got burnt and I thought that that must be fictional. That it can only happen in novels.  That no parent can put their kid through that. And now I'm listening to you and the book came to life. I'm so sorry that happened to you. I'm so happy that you've taken charge of your life  and cut out that toxic parent. There's a reason you're alive today and you will touch and  change more lives than you could ever imagine.  Lots of love and virtual hugs.,I read a book called purple hibiscus by chimamanda the other day and in it there was a similar scene only that it was the feet that got burnt and I thought that that must be fictional. That it can only happen in novels. That no parent can put their kid through that. And now I'm listening to you and the book came to life. I'm so sorry that happened to you. I'm so happy that you've taken charge of your life and cut out that toxic parent. There's a reason you're alive today and you will touch and change more lives than you could ever imagine. Lots of love and virtual hugs.,True,piece_relevant
@tabithamarami8133,Ati? Your mum was watching helplessly? Your uncle? No one could stop this madman from this abuse? Lord have mercy...,175,https://www.youtube.com/watch?v=BCDdf4fSpYg,0,Undoing My Father’s Damage - Onyango Otieno (Rix poet),comment,,1,Ati? Your mum was watching helplessly? Your uncle? No one could stop this madman from this abuse? Lord have mercy...,Ati? Your mum was watching helplessly? Your uncle? No one could stop this madman from this abuse? Lord have mercy...,True,piece_relevant
@gracenjamba1792,My God you are telling my story.I went through this……,175,https://www.youtube.com/watch?v=BCDdf4fSpYg,0,Undoing My Father’s Damage - Onyango Otieno (Rix poet),comment,,1,My God you are telling my story.I went through this……,My God you are telling my story.I went through this……,True,content_reaction
@daringdarling6892,Thank you Onyango for sharing this heartbreaking and  power full story. I hope it inspires us all to embark on our journey to heal our traumas🙏,175,https://www.youtube.com/watch?v=BCDdf4fSpYg,0,Undoing My Father’s Damage - Onyango Otieno (Rix poet),comment,,0,Thank you Onyango for sharing this heartbreaking and  power full story. I hope it inspires us all to embark on our journey to heal our traumas🙏,Thank you Onyango for sharing this heartbreaking and power full story. I hope it inspires us all to embark on our journey to heal our traumas🙏,True,piece_relevant
@Foi_Wanyeki,"Sending healing, love and light your way Chris💕",175,https://www.youtube.com/watch?v=BCDdf4fSpYg,0,Undoing My Father’s Damage - Onyango Otieno (Rix poet),reply,,0,"Sending healing, love and light your way Chris💕","Sending healing, love and light your way Chris💕",True,piece_relevant
@FelixAijah,How is your relationship with your mum upto now man. I went through similar experiences.,175,https://www.youtube.com/watch?v=BCDdf4fSpYg,0,Undoing My Father’s Damage - Onyango Otieno (Rix poet),reply,,0,How is your relationship with your mum upto now man. I went through similar experiences.,How is your relationship with your mum upto now man. I went through similar experiences.,True,scope_relevant
@This_is_CKM,Single mothers are horrible,175,https://www.youtube.com/watch?v=BCDdf4fSpYg,0,Undoing My Father’s Damage - Onyango Otieno (Rix poet),reply,,0,Single mothers are horrible,Single mothers are horrible,False,weak
@EngageTalk,"Yes, we need to recognise and heal our own traumas so that we can live full lives and raise wholesome children.",175,https://www.youtube.com/watch?v=BCDdf4fSpYg,0,Undoing My Father’s Damage - Onyango Otieno (Rix poet),reply,,1,"Yes, we need to recognise and heal our own traumas so that we can live full lives and raise wholesome children.","Yes, we need to recognise and heal our own traumas so that we can live full lives and raise wholesome children.",True,piece_relevant
@aminaaminata6268,RIX you are a legend. Keep inspiring us. Cb made me want to follow him for a minute. Waah! Story for another day.,175,https://www.youtube.com/watch?v=BCDdf4fSpYg,1,Undoing My Father’s Damage - Onyango Otieno (Rix poet),comment,,1,RIX you are a legend. Keep inspiring us. Cb made me want to follow him for a minute. Waah! Story for another day.,RIX you are a legend. Keep inspiring us. Cb made me want to follow him for a minute. Waah! Story for another day.,True,creator_reaction
@BG-gt1xy,Have you forgiven your father  ?,175,https://www.youtube.com/watch?v=BCDdf4fSpYg,0,Undoing My Father’s Damage - Onyango Otieno (Rix poet),comment,,0,Have you forgiven your father  ?,Have you forgiven your father ?,True,piece_relevant
@ireneobonyo5465,This was a painful one to listen to because I have seen it. I'm glad you overcame.,175,https://www.youtube.com/watch?v=BCDdf4fSpYg,0,Undoing My Father’s Damage - Onyango Otieno (Rix poet),comment,,0,This was a painful one to listen to because I have seen it. I'm glad you overcame.,This was a painful one to listen to because I have seen it. I'm glad you overcame.,True,piece_relevant
@winskitchen.602,"This story has reminded me how Michael Jackson dad mistreated them and the kids got stressed ,sometimes  we as parents needs to rethink before we punish our kids,who said,lazima punishment be beaten,?",175,https://www.youtube.com/watch?v=BCDdf4fSpYg,0,Undoing My Father’s Damage - Onyango Otieno (Rix poet),comment,,1,"This story has reminded me how Michael Jackson dad mistreated them and the kids got stressed ,sometimes  we as parents needs to rethink before we punish our kids,who said,lazima punishment be beaten,?","This story has reminded me how Michael Jackson dad mistreated them and the kids got stressed ,sometimes we as parents needs to rethink before we punish our kids,who said,lazima punishment be beaten,?",True,piece_relevant
@angelbell716,Thanks for sharing your story 😊.  You just expressed what I have been going through without having the strength and words that you have. Thanks again  God bless you for your bravery 🙏🙏,175,https://www.youtube.com/watch?v=BCDdf4fSpYg,1,Undoing My Father’s Damage - Onyango Otieno (Rix poet),comment,,1,Thanks for sharing your story 😊.  You just expressed what I have been going through without having the strength and words that you have. Thanks again  God bless you for your bravery 🙏🙏,Thanks for sharing your story 😊. You just expressed what I have been going through without having the strength and words that you have. Thanks again God bless you for your bravery 🙏🙏,True,content_reaction
@thediaryofaneasymommylife4046,"Toxic parents, childhood trauma, unstable marriage. Am glad blacks are starting to recognize what pain did to them. Talking about what the parents did, thats strength!!",175,https://www.youtube.com/watch?v=BCDdf4fSpYg,0,Undoing My Father’s Damage - Onyango Otieno (Rix poet),comment,,4,"Toxic parents, childhood trauma, unstable marriage. Am glad blacks are starting to recognize what pain did to them. Talking about what the parents did, thats strength!!","Toxic parents, childhood trauma, unstable marriage. Am glad blacks are starting to recognize what pain did to them. Talking about what the parents did, thats strength!!",True,piece_relevant
@erastusmuya7208,same boat..really eye opening,175,https://www.youtube.com/watch?v=BCDdf4fSpYg,0,Undoing My Father’s Damage - Onyango Otieno (Rix poet),comment,,0,same boat..really eye opening,same boat..really eye opening,False,weak
@nmnteamdknn8405,Nooooooo. That's very cruel... just for a book????why didn't you mom intervene??? GOOD lord....,175,https://www.youtube.com/watch?v=BCDdf4fSpYg,0,Undoing My Father’s Damage - Onyango Otieno (Rix poet),comment,,0,Nooooooo. That's very cruel... just for a book????why didn't you mom intervene??? GOOD lord....,Nooooooo. That's very cruel... just for a book????why didn't you mom intervene??? GOOD lord....,False,weak
@ednamuhanji,This is painful. Unbelievable. And your mum did nothing? 10 years old? You were so young. Needed protection.,175,https://www.youtube.com/watch?v=BCDdf4fSpYg,2,Undoing My Father’s Damage - Onyango Otieno (Rix poet),comment,,0,This is painful. Unbelievable. And your mum did nothing? 10 years old? You were so young. Needed protection.,This is painful. Unbelievable. And your mum did nothing? 10 years old? You were so young. Needed protection.,True,piece_relevant
@L-ameck,"This was amazing. Although you have not talked much about why your dad was sweet and bitter at the same time, I can see some traits of a narcissist from the way you describe his behavior. Having or growing up in a narcissistic environment can be very toxic for any child. I am close to one who was brought up and the mental disorder she has to fix at an old age is not worth it. It's devastating and draining. I hope you find peace.",175,https://www.youtube.com/watch?v=BCDdf4fSpYg,0,Undoing My Father’s Damage - Onyango Otieno (Rix poet),comment,,1,"This was amazing. Although you have not talked much about why your dad was sweet and bitter at the same time, I can see some traits of a narcissist from the way you describe his behavior. Having or growing up in a narcissistic environment can be very toxic for any child. I am close to one who was brought up and the mental disorder she has to fix at an old age is not worth it. It's devastating and draining. I hope you find peace.","This was amazing. Although you have not talked much about why your dad was sweet and bitter at the same time, I can see some traits of a narcissist from the way you describe his behavior. Having or growing up in a narcissistic environment can be very toxic for any child. I am close to one who was brought up and the mental disorder she has to fix at an old age is not worth it. It's devastating and draining. I hope you find peace.",True,content_reaction
@Thespokenfor,"Childhood traumas  are real, especially where toxic parents are concerned. 
Like you, when I  learned to recognize  and name my pain ,healing began. God above all.",175,https://www.youtube.com/watch?v=BCDdf4fSpYg,1,Undoing My Father’s Damage - Onyango Otieno (Rix poet),comment,,7,"Childhood traumas  are real, especially where toxic parents are concerned. 
Like you, when I  learned to recognize  and name my pain ,healing began. God above all.","Childhood traumas are real, especially where toxic parents are concerned. Like you, when I learned to recognize and name my pain ,healing began. God above all.",True,piece_relevant
@Mildred-98,"Hugs and thank you for sharing this part of your life, sounds familiar but we are writing better stories for our children to tell...",175,https://www.youtube.com/watch?v=BCDdf4fSpYg,1,Undoing My Father’s Damage - Onyango Otieno (Rix poet),comment,,2,"Hugs and thank you for sharing this part of your life, sounds familiar but we are writing better stories for our children to tell...","Hugs and thank you for sharing this part of your life, sounds familiar but we are writing better stories for our children to tell...",True,content_reaction
@akinyiokeyo4618,Feeling the fear and beyond....asante.,175,https://www.youtube.com/watch?v=BCDdf4fSpYg,0,Undoing My Father’s Damage - Onyango Otieno (Rix poet),comment,,1,Feeling the fear and beyond....asante.,Feeling the fear and beyond....asante.,False,weak
@listanthenya5392,This is so painful to listen to! It's unfathomable! May you find healing!,175,https://www.youtube.com/watch?v=BCDdf4fSpYg,0,Undoing My Father’s Damage - Onyango Otieno (Rix poet),comment,,2,This is so painful to listen to! It's unfathomable! May you find healing!,This is so painful to listen to! It's unfathomable! May you find healing!,True,piece_relevant
@bellaolum9515,"I watched your story somewhere I think in Justus' channel, it was quite chilling. Thank God you are healing.",175,https://www.youtube.com/watch?v=BCDdf4fSpYg,0,Undoing My Father’s Damage - Onyango Otieno (Rix poet),comment,,2,"I watched your story somewhere I think in Justus' channel, it was quite chilling. Thank God you are healing.","I watched your story somewhere I think in Justus' channel, it was quite chilling. Thank God you are healing.",True,piece_relevant
@authenticeve,"I heard a pastor say that sometimes parents are angry and bitter with their colleagues, and other grownups but because they can't fight them, they only need a little trigger to descend in their helpless kids with kicks and blows 😭😭😭",175,https://www.youtube.com/watch?v=BCDdf4fSpYg,2,Undoing My Father’s Damage - Onyango Otieno (Rix poet),comment,,13,"I heard a pastor say that sometimes parents are angry and bitter with their colleagues, and other grownups but because they can't fight them, they only need a little trigger to descend in their helpless kids with kicks and blows 😭😭😭","I heard a pastor say that sometimes parents are angry and bitter with their colleagues, and other grownups but because they can't fight them, they only need a little trigger to descend in their helpless kids with kicks and blows 😭😭😭",True,piece_relevant
@JohnMmbaga_,Wow.... Reminds me to be careful as a parent. Thanks Otieno for your vulnerability.,175,https://www.youtube.com/watch?v=BCDdf4fSpYg,0,Undoing My Father’s Damage - Onyango Otieno (Rix poet),comment,,11,Wow.... Reminds me to be careful as a parent. Thanks Otieno for your vulnerability.,Wow.... Reminds me to be careful as a parent. Thanks Otieno for your vulnerability.,True,piece_relevant
@staicykagai400,This is so sad.,175,https://www.youtube.com/watch?v=BCDdf4fSpYg,0,Undoing My Father’s Damage - Onyango Otieno (Rix poet),comment,,1,This is so sad.,This is so sad.,True,content_reaction
@shizma7917,Love you❣❣ you are wise and enough,175,https://www.youtube.com/watch?v=BCDdf4fSpYg,0,Undoing My Father’s Damage - Onyango Otieno (Rix poet),comment,,3,Love you❣❣ you are wise and enough,Love you❣❣ you are wise and enough,True,scope_relevant
@WTFFeet,"The fact that your mum was watching helplessly. You'll  have to kill me first before doing that to my child. But the reality is...parents have done worse to their kids than ""society"".",175,https://www.youtube.com/watch?v=BCDdf4fSpYg,0,Undoing My Father’s Damage - Onyango Otieno (Rix poet),comment,,0,"The fact that your mum was watching helplessly. You'll  have to kill me first before doing that to my child. But the reality is...parents have done worse to their kids than ""society"".","The fact that your mum was watching helplessly. You'll have to kill me first before doing that to my child. But the reality is...parents have done worse to their kids than ""society"".",True,piece_relevant
@kavutym666,Some years back a mother in kayole or dandora burned her child because he had stolen 50sh,175,https://www.youtube.com/watch?v=BCDdf4fSpYg,0,Undoing My Father’s Damage - Onyango Otieno (Rix poet),reply,,1,Some years back a mother in kayole or dandora burned her child because he had stolen 50sh,Some years back a mother in kayole or dandora burned her child because he had stolen 50sh,True,scope_relevant
@shade_ofnite7autopsychogra411,Yeah it's called displacement,175,https://www.youtube.com/watch?v=BCDdf4fSpYg,0,Undoing My Father’s Damage - Onyango Otieno (Rix poet),reply,,1,Yeah it's called displacement,Yeah it's called displacement,False,weak
@lizokoth6556,😭😭😭😭😭😭,175,https://www.youtube.com/watch?v=BCDdf4fSpYg,0,Undoing My Father’s Damage - Onyango Otieno (Rix poet),reply,,0,😭😭😭😭😭😭,😭😭😭😭😭😭,False,emoji_only
@Rixpoet,Story for another day. ❤️ May he rest in peace.,175,https://www.youtube.com/watch?v=BCDdf4fSpYg,0,Undoing My Father’s Damage - Onyango Otieno (Rix poet),reply,,0,Story for another day. ❤️ May he rest in peace.,Story for another day. ❤️ May he rest in peace.,True,content_reaction
@dippynicole3691,I've really cried...... I just remembered my childhood memories. Sad sad sad,175,https://www.youtube.com/watch?v=BCDdf4fSpYg,1,Undoing My Father’s Damage - Onyango Otieno (Rix poet),comment,,9,I've really cried...... I just remembered my childhood memories. Sad sad sad,I've really cried...... I just remembered my childhood memories. Sad sad sad,True,scope_relevant
@wanjirukaburu,"It takes being deliberate to look our hurt in the eye, call it out and take steps to heal from it. It's sad that our parents can and have caused us so much pain. In my journey, I have learnt that it's as a result of them dealing with their own demons. It has taken a deliberate self - love journey (part of the journey was publishing a book on the subject) to separate myself from the pain and heal; it still hurts sometimes but the journey continues. I pray that our parents heal and generation after generation parents do the work to be better and avoid the cycle. Home is supposed to be our safe space and when it's not, it's a terrible thing. May we all be better.",175,https://www.youtube.com/watch?v=BCDdf4fSpYg,0,Undoing My Father’s Damage - Onyango Otieno (Rix poet),comment,,13,"It takes being deliberate to look our hurt in the eye, call it out and take steps to heal from it. It's sad that our parents can and have caused us so much pain. In my journey, I have learnt that it's as a result of them dealing with their own demons. It has taken a deliberate self - love journey (part of the journey was publishing a book on the subject) to separate myself from the pain and heal; it still hurts sometimes but the journey continues. I pray that our parents heal and generation after generation parents do the work to be better and avoid the cycle. Home is supposed to be our safe space and when it's not, it's a terrible thing. May we all be better.","It takes being deliberate to look our hurt in the eye, call it out and take steps to heal from it. It's sad that our parents can and have caused us so much pain. In my journey, I have learnt that it's as a result of them dealing with their own demons. It has taken a deliberate self - love journey (part of the journey was publishing a book on the subject) to separate myself from the pain and heal; it still hurts sometimes but the journey continues. I pray that our parents heal and generation after generation parents do the work to be better and avoid the cycle. Home is supposed to be our safe space and when it's not, it's a terrible thing. May we all be better.",True,piece_relevant
@doriswangari2048,The pain in this story is so traumatising. The beauty about it though is that God has got you. You're alive for a reason.,175,https://www.youtube.com/watch?v=BCDdf4fSpYg,1,Undoing My Father’s Damage - Onyango Otieno (Rix poet),comment,,5,The pain in this story is so traumatising. The beauty about it though is that God has got you. You're alive for a reason.,The pain in this story is so traumatising. The beauty about it though is that God has got you. You're alive for a reason.,True,piece_relevant
@millie_royalty6476,Pole Onyango I feel you well well😥...you are Soo eloquent 💯✔️,175,https://www.youtube.com/watch?v=BCDdf4fSpYg,0,Undoing My Father’s Damage - Onyango Otieno (Rix poet),comment,,3,Pole Onyango I feel you well well😥...you are Soo eloquent 💯✔️,Pole Onyango I feel you well well😥...you are Soo eloquent 💯✔️,False,weak
@homesteadingwiththeangafam2158,"Thanks for sharing your story.  Childhood trauma is so real, some of us are still on the healing journey.",175,https://www.youtube.com/watch?v=BCDdf4fSpYg,0,Undoing My Father’s Damage - Onyango Otieno (Rix poet),comment,,10,"Thanks for sharing your story.  Childhood trauma is so real, some of us are still on the healing journey.","Thanks for sharing your story. Childhood trauma is so real, some of us are still on the healing journey.",True,piece_relevant
@wambui-muiruri,Wow...may we always create peace and love for ourselves,175,https://www.youtube.com/watch?v=BCDdf4fSpYg,0,Undoing My Father’s Damage - Onyango Otieno (Rix poet),comment,,3,Wow...may we always create peace and love for ourselves,Wow...may we always create peace and love for ourselves,True,scope_relevant
@gladysyiga3149,"Lord God, give parents wisdom of how to raise children",175,https://www.youtube.com/watch?v=BCDdf4fSpYg,0,Undoing My Father’s Damage - Onyango Otieno (Rix poet),comment,,2,"Lord God, give parents wisdom of how to raise children","Lord God, give parents wisdom of how to raise children",True,piece_relevant
@gladysyiga3149,"Oh dear, may God heal the many children out there who are hurting and have gone through a traumatizing childhood.",175,https://www.youtube.com/watch?v=BCDdf4fSpYg,0,Undoing My Father’s Damage - Onyango Otieno (Rix poet),comment,,2,"Oh dear, may God heal the many children out there who are hurting and have gone through a traumatizing childhood.","Oh dear, may God heal the many children out there who are hurting and have gone through a traumatizing childhood.",True,piece_relevant
@e.cheruto8509,"""it was the fact that I could name my pain, that's what made me heal"".. Profound",175,https://www.youtube.com/watch?v=BCDdf4fSpYg,1,Undoing My Father’s Damage - Onyango Otieno (Rix poet),comment,,15,"""it was the fact that I could name my pain, that's what made me heal"".. Profound","""it was the fact that I could name my pain, that's what made me heal"".. Profound",True,piece_relevant
@mercymsez,I'm so sorry ❤😭😭. Thank you for opening up. I'm praying for continued strength.,175,https://www.youtube.com/watch?v=BCDdf4fSpYg,0,Undoing My Father’s Damage - Onyango Otieno (Rix poet),comment,,2,I'm so sorry ❤😭😭. Thank you for opening up. I'm praying for continued strength.,I'm so sorry ❤😭😭. Thank you for opening up. I'm praying for continued strength.,True,content_reaction
@SusanMarusha,"Much 💕 your way ,you overcame alot",175,https://www.youtube.com/watch?v=BCDdf4fSpYg,0,Undoing My Father’s Damage - Onyango Otieno (Rix poet),comment,,2,"Much 💕 your way ,you overcame alot","Much 💕 your way ,you overcame alot",False,weak
@cecilliachi,"I feel so much love for you. I lost my beloved cousin to suicide many years back. You are indeed doing it! And giving hope to so so many. Keep going! You are divine, an extension of God. A spiritual being. Don’t ever forget that. Much love ❤️",175,https://www.youtube.com/watch?v=BCDdf4fSpYg,1,Undoing My Father’s Damage - Onyango Otieno (Rix poet),comment,,12,"I feel so much love for you. I lost my beloved cousin to suicide many years back. You are indeed doing it! And giving hope to so so many. Keep going! You are divine, an extension of God. A spiritual being. Don’t ever forget that. Much love ❤️","I feel so much love for you. I lost my beloved cousin to suicide many years back. You are indeed doing it! And giving hope to so so many. Keep going! You are divine, an extension of God. A spiritual being. Don't ever forget that. Much love ❤️",True,scope_relevant
@lizokoth6556,So sorry. Quite a moving story.,175,https://www.youtube.com/watch?v=BCDdf4fSpYg,0,Undoing My Father’s Damage - Onyango Otieno (Rix poet),comment,,2,So sorry. Quite a moving story.,So sorry. Quite a moving story.,False,weak
@makena.cherry,I'm so sorry for what you had to go through💖,175,https://www.youtube.com/watch?v=BCDdf4fSpYg,0,Undoing My Father’s Damage - Onyango Otieno (Rix poet),comment,,2,I'm so sorry for what you had to go through💖,I'm so sorry for what you had to go through💖,True,emotive_reaction
@bilhaportia8101,"This is deep, l feel like everyone should embrace therapy to heal from childhood traumas  we grew up in to avoid raising another generation in toxicity.",175,https://www.youtube.com/watch?v=BCDdf4fSpYg,2,Undoing My Father’s Damage - Onyango Otieno (Rix poet),comment,,25,"This is deep, l feel like everyone should embrace therapy to heal from childhood traumas  we grew up in to avoid raising another generation in toxicity.","This is deep, l feel like everyone should embrace therapy to heal from childhood traumas we grew up in to avoid raising another generation in toxicity.",True,piece_relevant
@lisaachiengodhiambo7381,At times our parents are the first bullies and heartbreakers we encounter in this world...more power to you for sharing your story and becoming👏👏👏,175,https://www.youtube.com/watch?v=BCDdf4fSpYg,1,Undoing My Father’s Damage - Onyango Otieno (Rix poet),comment,,84,At times our parents are the first bullies and heartbreakers we encounter in this world...more power to you for sharing your story and becoming👏👏👏,At times our parents are the first bullies and heartbreakers we encounter in this world...more power to you for sharing your story and becoming👏👏👏,True,piece_relevant
@Rixpoet,This story is fresh to me all the time I narrate it. I've come so far. I'm so grateful for the power of healing. There is hope for all of us.,175,https://www.youtube.com/watch?v=BCDdf4fSpYg,33,Undoing My Father’s Damage - Onyango Otieno (Rix poet),comment,,261,This story is fresh to me all the time I narrate it. I've come so far. I'm so grateful for the power of healing. There is hope for all of us.,This story is fresh to me all the time I narrate it. I've come so far. I'm so grateful for the power of healing. There is hope for all of us.,True,piece_relevant
@naillahanne4129,Ooh No hugs my darling may God heal you.,175,https://www.youtube.com/watch?v=BCDdf4fSpYg,0,Undoing My Father’s Damage - Onyango Otieno (Rix poet),comment,,3,Ooh No hugs my darling may God heal you.,Ooh No hugs my darling may God heal you.,True,piece_relevant
@Babyras254,"I love Rix.
I have learned a lot by following his healing journey on social media and I must say he's a rare kind of a man.
Not many men openly talk about their struggles with their mental health. In fact, not many men are ever willing to talk about their strained relationships with their fathers and probably address the trauma that results from toxic families. Rix has led the way and more men should emulate him.",175,https://www.youtube.com/watch?v=BCDdf4fSpYg,0,Undoing My Father’s Damage - Onyango Otieno (Rix poet),comment,,35,"I love Rix.
I have learned a lot by following his healing journey on social media and I must say he's a rare kind of a man.
Not many men openly talk about their struggles with their mental health. In fact, not many men are ever willing to talk about their strained relationships with their fathers and probably address the trauma that results from toxic families. Rix has led the way and more men should emulate him.","I love Rix. I have learned a lot by following his healing journey on social media and I must say he's a rare kind of a man. Not many men openly talk about their struggles with their mental health. In fact, not many men are ever willing to talk about their strained relationships with their fathers and probably address the trauma that results from toxic families. Rix has led the way and more men should emulate him.",True,piece_relevant
@mremboblog,"But his mother watched all this and did not do anything... yaanii!!! Aieh!!! Aieh!!! I have no words. He broke your trust. He broke your spirit!! It was the love betrayed by that absolute, controlled violence!!! Wooii... the trauma!!!",175,https://www.youtube.com/watch?v=BCDdf4fSpYg,7,Undoing My Father’s Damage - Onyango Otieno (Rix poet),comment,,8,"But his mother watched all this and did not do anything... yaanii!!! Aieh!!! Aieh!!! I have no words. He broke your trust. He broke your spirit!! It was the love betrayed by that absolute, controlled violence!!! Wooii... the trauma!!!","But his mother watched all this and did not do anything... yaanii!!! Aieh!!! Aieh!!! I have no words. He broke your trust. He broke your spirit!! It was the love betrayed by that absolute, controlled violence!!! Wooii... the trauma!!!",True,piece_relevant
@kap849,"My mum excused my dad's bad behaviour as ""that's how men are"". I don't think anyone should walk into the house you just cleaned with muddy shoes! No man or woman should do that. My dad had no problem doing that, or leaving his mess everywhere and you know ""that's how men are."" I don't care if you are a man or woman, manners apply to all.",175,https://www.youtube.com/watch?v=BCDdf4fSpYg,0,Undoing My Father’s Damage - Onyango Otieno (Rix poet),reply,,3,"My mum excused my dad's bad behaviour as ""that's how men are"". I don't think anyone should walk into the house you just cleaned with muddy shoes! No man or woman should do that. My dad had no problem doing that, or leaving his mess everywhere and you know ""that's how men are."" I don't care if you are a man or woman, manners apply to all.","My mum excused my dad's bad behaviour as ""that's how men are"". I don't think anyone should walk into the house you just cleaned with muddy shoes! No man or woman should do that. My dad had no problem doing that, or leaving his mess everywhere and you know ""that's how men are."" I don't care if you are a man or woman, manners apply to all.",True,scope_relevant
@Lillyanne26,He said the mom was a victim too😢,175,https://www.youtube.com/watch?v=BCDdf4fSpYg,0,Undoing My Father’s Damage - Onyango Otieno (Rix poet),reply,,0,He said the mom was a victim too😢,He said the mom was a victim too😢,False,weak
@jennymayna5334,May you find total healing 🙏,175,https://www.youtube.com/watch?v=BCDdf4fSpYg,0,Undoing My Father’s Damage - Onyango Otieno (Rix poet),reply,,0,May you find total healing 🙏,May you find total healing 🙏,True,piece_relevant
@Rixpoet,"Yes, we are.",175,https://www.youtube.com/watch?v=BCDdf4fSpYg,0,Undoing My Father’s Damage - Onyango Otieno (Rix poet),reply,,1,"Yes, we are.","Yes, we are.",False,weak
@Rixpoet,Peace & blessings. 😊,175,https://www.youtube.com/watch?v=BCDdf4fSpYg,0,Undoing My Father’s Damage - Onyango Otieno (Rix poet),reply,,0,Peace & blessings. 😊,Peace & blessings. 😊,False,too_short
@the_globalmathematician,"Hey boo! I love you 😭❤️❤️❤️❤️❤️❤️❤️ and you look so hot here 😂😂😂🤗🤗🤗. You're my hero, thank you for helping me find peace ❤️❤️❤️🦋🦋🦋",175,https://www.youtube.com/watch?v=BCDdf4fSpYg,0,Undoing My Father’s Damage - Onyango Otieno (Rix poet),reply,,7,"Hey boo! I love you 😭❤️❤️❤️❤️❤️❤️❤️ and you look so hot here 😂😂😂🤗🤗🤗. You're my hero, thank you for helping me find peace ❤️❤️❤️🦋🦋🦋","Hey boo! I love you 😭❤️❤️❤️❤️❤️❤️❤️ and you look so hot here 😂😂😂🤗🤗🤗. You're my hero, thank you for helping me find peace ❤️❤️❤️🦋🦋🦋",True,content_reaction
@EngageTalk,Thank you for sharing this and trusting us with this. It will help many recognise their trauma and begin their healing journey. Thank you and bless you for the work you do in trauma healing.,175,https://www.youtube.com/watch?v=BCDdf4fSpYg,0,Undoing My Father’s Damage - Onyango Otieno (Rix poet),reply,,5,Thank you for sharing this and trusting us with this. It will help many recognise their trauma and begin their healing journey. Thank you and bless you for the work you do in trauma healing.,Thank you for sharing this and trusting us with this. It will help many recognise their trauma and begin their healing journey. Thank you and bless you for the work you do in trauma healing.,True,piece_relevant
@bilhaportia8101,Thank you for sharing,175,https://www.youtube.com/watch?v=BCDdf4fSpYg,0,Undoing My Father’s Damage - Onyango Otieno (Rix poet),reply,,3,Thank you for sharing,Thank you for sharing,True,content_reaction
@Babyras254,Love and light Rix❤️,175,https://www.youtube.com/watch?v=BCDdf4fSpYg,0,Undoing My Father’s Damage - Onyango Otieno (Rix poet),reply,,2,Love and light Rix❤️,Love and light Rix❤️,False,weak
@lizokoth6556,Thanks for sharing. I like your stories.,175,https://www.youtube.com/watch?v=BCDdf4fSpYg,0,Undoing My Father’s Damage - Onyango Otieno (Rix poet),reply,,2,Thanks for sharing. I like your stories.,Thanks for sharing. I like your stories.,False,weak
@griffinsndhine,Really touching story.,175,https://www.youtube.com/watch?v=BCDdf4fSpYg,0,Undoing My Father’s Damage - Onyango Otieno (Rix poet),reply,,2,Really touching story.,Really touching story.,True,content_reaction
@micente4028,Thank you Rix for sharing your journey to healing. I found your experiences relatable and inspiring. Bless you.,175,https://www.youtube.com/watch?v=BCDdf4fSpYg,0,Undoing My Father’s Damage - Onyango Otieno (Rix poet),reply,,2,Thank you Rix for sharing your journey to healing. I found your experiences relatable and inspiring. Bless you.,Thank you Rix for sharing your journey to healing. I found your experiences relatable and inspiring. Bless you.,True,piece_relevant
@wanjikukariukiroyalty6515,Hugs❤️❤️❤️,175,https://www.youtube.com/watch?v=BCDdf4fSpYg,0,Undoing My Father’s Damage - Onyango Otieno (Rix poet),reply,,1,Hugs❤️❤️❤️,Hugs❤️❤️❤️,False,too_short
@adhiambofm4475,Where is your dad now bro?,175,https://www.youtube.com/watch?v=BCDdf4fSpYg,0,Undoing My Father’s Damage - Onyango Otieno (Rix poet),reply,,1,Where is your dad now bro?,Where is your dad now bro?,True,scope_relevant
@Rixpoet, @adhiambofm4475  he's around. We don't talk.,175,https://www.youtube.com/watch?v=BCDdf4fSpYg,0,Undoing My Father’s Damage - Onyango Otieno (Rix poet),reply,,5, @adhiambofm4475  he's around. We don't talk.,@adhiambofm4475 he's around. We don't talk.,False,weak
@Rixpoet,🙏🏿,175,https://www.youtube.com/watch?v=BCDdf4fSpYg,0,Undoing My Father’s Damage - Onyango Otieno (Rix poet),reply,,0,🙏🏿,🙏🏿,False,emoji_only
@alalcelestine3219,❤,175,https://www.youtube.com/watch?v=BCDdf4fSpYg,0,Undoing My Father’s Damage - Onyango Otieno (Rix poet),reply,,0,❤,❤,False,emoji_only
@nancywangui4733,"Sadly my mother gave me my first heartbreak 💔, became Mt first bully 😢 have never healed till date",175,https://www.youtube.com/watch?v=BCDdf4fSpYg,0,Undoing My Father’s Damage - Onyango Otieno (Rix poet),reply,,0,"Sadly my mother gave me my first heartbreak 💔, became Mt first bully 😢 have never healed till date","Sadly my mother gave me my first heartbreak 💔, became Mt first bully 😢 have never healed till date",True,piece_relevant
@lizokoth6556,Sorry Nicole,175,https://www.youtube.com/watch?v=BCDdf4fSpYg,0,Undoing My Father’s Damage - Onyango Otieno (Rix poet),reply,,3,Sorry Nicole,Sorry Nicole,False,too_short
@Babyras254,"The father was probably cut from the patriarchal clothe? The ones that disregard women and their opinions? Probably beats them up as well? I mean if he could brutalize his son like this, what's the least he could do to a woman? Just thinking out loud. So you shouldn't and can't judge her.",175,https://www.youtube.com/watch?v=BCDdf4fSpYg,0,Undoing My Father’s Damage - Onyango Otieno (Rix poet),reply,,4,"The father was probably cut from the patriarchal clothe? The ones that disregard women and their opinions? Probably beats them up as well? I mean if he could brutalize his son like this, what's the least he could do to a woman? Just thinking out loud. So you shouldn't and can't judge her.","The father was probably cut from the patriarchal clothe? The ones that disregard women and their opinions? Probably beats them up as well? I mean if he could brutalize his son like this, what's the least he could do to a woman? Just thinking out loud. So you shouldn't and can't judge her.",True,piece_relevant
@furzzy013, @Babyras254  I agrée. He said they were used to screams from their house so could’ve been the case with the mother too.,175,https://www.youtube.com/watch?v=BCDdf4fSpYg,0,Undoing My Father’s Damage - Onyango Otieno (Rix poet),reply,,2, @Babyras254  I agrée. He said they were used to screams from their house so could’ve been the case with the mother too.,@Babyras254 I agrée. He said they were used to screams from their house so could've been the case with the mother too.,True,scope_relevant
@nmnteamdknn8405, @Babyras254  no way I can watch my child being abused... I will intervened whatever happen I will take...even if it is to kill us.. hut I can't just sit and watch....,175,https://www.youtube.com/watch?v=BCDdf4fSpYg,0,Undoing My Father’s Damage - Onyango Otieno (Rix poet),reply,,1, @Babyras254  no way I can watch my child being abused... I will intervened whatever happen I will take...even if it is to kill us.. hut I can't just sit and watch....,@Babyras254 no way I can watch my child being abused... I will intervened whatever happen I will take...even if it is to kill us.. hut I can't just sit and watch....,True,piece_relevant
@Lillyanne26,​ @Babyras254 he said the mom was frequently fighting with husband too😢,175,https://www.youtube.com/watch?v=BCDdf4fSpYg,0,Undoing My Father’s Damage - Onyango Otieno (Rix poet),reply,,0,​ @Babyras254 he said the mom was frequently fighting with husband too😢,​ @Babyras254 he said the mom was frequently fighting with husband too😢,True,scope_relevant
@shade_ofnite7autopsychogra411,If you've been listening to Rix for a while you'll learn that his mother was severely physically abused as well. He came from a very dysfunctional home. So I think the mother could do nothing because of fear and dread,175,https://www.youtube.com/watch?v=BCDdf4fSpYg,0,Undoing My Father’s Damage - Onyango Otieno (Rix poet),reply,,1,If you've been listening to Rix for a while you'll learn that his mother was severely physically abused as well. He came from a very dysfunctional home. So I think the mother could do nothing because of fear and dread,If you've been listening to Rix for a while you'll learn that his mother was severely physically abused as well. He came from a very dysfunctional home. So I think the mother could do nothing because of fear and dread,True,piece_relevant
@magdalenamwalimo62,Emotional abuse comes first before physical abuse. One can’t understand why victims find it difficult to leave or act. It is called trauma bonding. So we can’t judge his mother but understand the sad story of leaving with abusive people in the name of love.,175,https://www.youtube.com/watch?v=BCDdf4fSpYg,0,Undoing My Father’s Damage - Onyango Otieno (Rix poet),reply,,0,Emotional abuse comes first before physical abuse. One can’t understand why victims find it difficult to leave or act. It is called trauma bonding. So we can’t judge his mother but understand the sad story of leaving with abusive people in the name of love.,Emotional abuse comes first before physical abuse. One can't understand why victims find it difficult to leave or act. It is called trauma bonding. So we can't judge his mother but understand the sad story of leaving with abusive people in the name of love.,True,piece_relevant
@Lillyanne26,His mom was a victim too helpless 😢,175,https://www.youtube.com/watch?v=BCDdf4fSpYg,0,Undoing My Father’s Damage - Onyango Otieno (Rix poet),reply,,0,His mom was a victim too helpless 😢,His mom was a victim too helpless 😢,False,weak
@lizokoth6556,Well said wangari,175,https://www.youtube.com/watch?v=BCDdf4fSpYg,0,Undoing My Father’s Damage - Onyango Otieno (Rix poet),reply,,0,Well said wangari,Well said wangari,False,weak
@carolinemutegi1056,"Ooh my, that must have been a depressed parent, so sorry for that and glad you are healing may God continue to guide you.",175,https://www.youtube.com/watch?v=BCDdf4fSpYg,0,Undoing My Father’s Damage - Onyango Otieno (Rix poet),comment,,5,"Ooh my, that must have been a depressed parent, so sorry for that and glad you are healing may God continue to guide you.","Ooh my, that must have been a depressed parent, so sorry for that and glad you are healing may God continue to guide you.",True,piece_relevant
@Iamfree8005,Thank you for the story. It's awesome that you aspire to be the change that you want to see.👏👏👍,175,https://www.youtube.com/watch?v=BCDdf4fSpYg,0,Undoing My Father’s Damage - Onyango Otieno (Rix poet),comment,,3,Thank you for the story. It's awesome that you aspire to be the change that you want to see.👏👏👍,Thank you for the story. It's awesome that you aspire to be the change that you want to see.👏👏👍,True,content_reaction
@minkrasi,deep. Thanks for sharing,175,https://www.youtube.com/watch?v=BCDdf4fSpYg,0,Undoing My Father’s Damage - Onyango Otieno (Rix poet),comment,,3,deep. Thanks for sharing,deep. Thanks for sharing,False,weak
@fredgori8510,"Your story has deeply touched me, Onyango. I almost stopped watching at that moment when your dad brought kerosene and a rope because I couldn't stand what was going to happen next. Wueeh. Glad your survived the many incidents and that you are going through therapy now. You are a winner, man.",175,https://www.youtube.com/watch?v=BCDdf4fSpYg,0,Undoing My Father’s Damage - Onyango Otieno (Rix poet),comment,,15,"Your story has deeply touched me, Onyango. I almost stopped watching at that moment when your dad brought kerosene and a rope because I couldn't stand what was going to happen next. Wueeh. Glad your survived the many incidents and that you are going through therapy now. You are a winner, man.","Your story has deeply touched me, Onyango. I almost stopped watching at that moment when your dad brought kerosene and a rope because I couldn't stand what was going to happen next. Wueeh. Glad your survived the many incidents and that you are going through therapy now. You are a winner, man.",True,creator_reaction
@mercywanjiru7017,❤️,175,https://www.youtube.com/watch?v=BCDdf4fSpYg,1,Undoing My Father’s Damage - Onyango Otieno (Rix poet),comment,,4,❤️,❤️,False,emoji_only
@WanjiruMuya,Thanks Onyango for sharing your story with us😍❤️,175,https://www.youtube.com/watch?v=BCDdf4fSpYg,0,Undoing My Father’s Damage - Onyango Otieno (Rix poet),comment,,8,Thanks Onyango for sharing your story with us😍❤️,Thanks Onyango for sharing your story with us😍❤️,True,creator_reaction
@jaberasami5901,Francis onyiso harambe stars kiboko yao,175,https://www.youtube.com/watch?v=BCDdf4fSpYg,1,Undoing My Father’s Damage - Onyango Otieno (Rix poet),comment,,4,Francis onyiso harambe stars kiboko yao,Francis onyiso harambe stars kiboko yao,False,weak
@loideferdinand6299,Notifications gang here from Namibia 🇳🇦,175,https://www.youtube.com/watch?v=BCDdf4fSpYg,1,Undoing My Father’s Damage - Onyango Otieno (Rix poet),comment,,5,Notifications gang here from Namibia 🇳🇦,Notifications gang here from Namibia 🇳🇦,False,weak
@EngageTalk,Wisdom right there!,175,https://www.youtube.com/watch?v=BCDdf4fSpYg,0,Undoing My Father’s Damage - Onyango Otieno (Rix poet),reply,,0,Wisdom right there!,Wisdom right there!,False,weak
@gladysyiga3149,Therapy centres should advertise. I don't know any,175,https://www.youtube.com/watch?v=BCDdf4fSpYg,0,Undoing My Father’s Damage - Onyango Otieno (Rix poet),reply,,0,Therapy centres should advertise. I don't know any,Therapy centres should advertise. I don't know any,True,scope_relevant
@kakkoifly8980,"I'm so so sorry, this is the first time I've heard of you. I'm so sorry, may healing be your forever portion ❤",175,https://www.youtube.com/watch?v=BCDdf4fSpYg,0,Undoing My Father’s Damage - Onyango Otieno (Rix poet),reply,,1,"I'm so so sorry, this is the first time I've heard of you. I'm so sorry, may healing be your forever portion ❤","I'm so so sorry, this is the first time I've heard of you. I'm so sorry, may healing be your forever portion ❤",True,piece_relevant
@monalisawm,"Thank you so much for sharing, for being vulnerable which is the strength you manifest I wish you all the best, happiness and more in life. Men do cry and have feelings,  this idea of society expecting boys or men to be strong while weak has really caused a lot of hurt and pain.",175,https://www.youtube.com/watch?v=BCDdf4fSpYg,0,Undoing My Father’s Damage - Onyango Otieno (Rix poet),reply,,1,"Thank you so much for sharing, for being vulnerable which is the strength you manifest I wish you all the best, happiness and more in life. Men do cry and have feelings,  this idea of society expecting boys or men to be strong while weak has really caused a lot of hurt and pain.","Thank you so much for sharing, for being vulnerable which is the strength you manifest I wish you all the best, happiness and more in life. Men do cry and have feelings, this idea of society expecting boys or men to be strong while weak has really caused a lot of hurt and pain.",True,piece_relevant
@Rixpoet, @monalisawm  thank you lots. Bless you.,175,https://www.youtube.com/watch?v=BCDdf4fSpYg,0,Undoing My Father’s Damage - Onyango Otieno (Rix poet),reply,,0, @monalisawm  thank you lots. Bless you.,@monalisawm thank you lots. Bless you.,True,content_reaction
@jennymayna5334,"Thanks for the courage to share... May we all find total healing,🙏",175,https://www.youtube.com/watch?v=BCDdf4fSpYg,0,Undoing My Father’s Damage - Onyango Otieno (Rix poet),reply,,0,"Thanks for the courage to share... May we all find total healing,🙏","Thanks for the courage to share... May we all find total healing,🙏",True,piece_relevant
@AnnW-BlessedandKeptbyGod,"Thank you for your story. Grew up in a violent home as well. And forgiveness has been challenged by not forgetting. I try to but then along the way, he says something that reminds me of the past. May God protect us.",175,https://www.youtube.com/watch?v=BCDdf4fSpYg,0,Undoing My Father’s Damage - Onyango Otieno (Rix poet),reply,,0,"Thank you for your story. Grew up in a violent home as well. And forgiveness has been challenged by not forgetting. I try to but then along the way, he says something that reminds me of the past. May God protect us.","Thank you for your story. Grew up in a violent home as well. And forgiveness has been challenged by not forgetting. I try to but then along the way, he says something that reminds me of the past. May God protect us.",True,piece_relevant
@OfficialChings,My heart went out to you. May God complete His healing in you.,175,https://www.youtube.com/watch?v=BCDdf4fSpYg,0,Undoing My Father’s Damage - Onyango Otieno (Rix poet),reply,,0,My heart went out to you. May God complete His healing in you.,My heart went out to you. May God complete His healing in you.,True,piece_relevant
@emilyomondi9247,"Each time I listen to your story , I get a boost of courage",175,https://www.youtube.com/watch?v=BCDdf4fSpYg,0,Undoing My Father’s Damage - Onyango Otieno (Rix poet),reply,,0,"Each time I listen to your story , I get a boost of courage","Each time I listen to your story , I get a boost of courage",True,content_reaction
@felistawangari8618,I listen to your story every time you share it. It is a healing balm. Thank you for sharing 🙏🏾,175,https://www.youtube.com/watch?v=BCDdf4fSpYg,0,Undoing My Father’s Damage - Onyango Otieno (Rix poet),reply,,0,I listen to your story every time you share it. It is a healing balm. Thank you for sharing 🙏🏾,I listen to your story every time you share it. It is a healing balm. Thank you for sharing 🙏🏾,True,piece_relevant
@omilnetwork,❤️❤️❤️❤️❤️❤️❤️❤️❤️❤️,175,https://www.youtube.com/watch?v=BCDdf4fSpYg,0,Undoing My Father’s Damage - Onyango Otieno (Rix poet),reply,,0,❤️❤️❤️❤️❤️❤️❤️❤️❤️❤️,❤️❤️❤️❤️❤️❤️❤️❤️❤️❤️,False,emoji_only
@carolkanindo9548,Am out of words. 🫂,175,https://www.youtube.com/watch?v=BCDdf4fSpYg,0,Undoing My Father’s Damage - Onyango Otieno (Rix poet),reply,,0,Am out of words. 🫂,Am out of words. 🫂,False,weak
@Rixpoet,Only for legends. 😅,175,https://www.youtube.com/watch?v=BCDdf4fSpYg,0,Undoing My Father’s Damage - Onyango Otieno (Rix poet),reply,,0,Only for legends. 😅,Only for legends. 😅,False,weak
@EngageTalk,Hi Loide!! Happy new year!!,175,https://www.youtube.com/watch?v=BCDdf4fSpYg,0,Undoing My Father’s Damage - Onyango Otieno (Rix poet),reply,,0,Hi Loide!! Happy new year!!,Hi Loide!! Happy new year!!,False,weak
@monicawanjikumwaura6689,"Oh Rix, virtual hugs to you. You've always been such a beautiful soul and this was so heartbreaking to hear and encouraging at the same time. Thank you for finding the words to tell of your journey. May you always be submerged in love and hope ❤",175,https://www.youtube.com/watch?v=BCDdf4fSpYg,0,Undoing My Father’s Damage - Onyango Otieno (Rix poet),reply,,0,"Oh Rix, virtual hugs to you. You've always been such a beautiful soul and this was so heartbreaking to hear and encouraging at the same time. Thank you for finding the words to tell of your journey. May you always be submerged in love and hope ❤","Oh Rix, virtual hugs to you. You've always been such a beautiful soul and this was so heartbreaking to hear and encouraging at the same time. Thank you for finding the words to tell of your journey. May you always be submerged in love and hope ❤",True,creator_reaction
@Rixpoet," @monicawanjikumwaura6689  🌻❤️ Love, always.",175,https://www.youtube.com/watch?v=BCDdf4fSpYg,0,Undoing My Father’s Damage - Onyango Otieno (Rix poet),reply,,0," @monicawanjikumwaura6689  🌻❤️ Love, always.","@monicawanjikumwaura6689 🌻❤️ Love, always.",False,weak
@roseoketch2740,"Great story, thank you for sharing this. May God be your first friend always. 
He has turned your story from scar to star ⭐✨",175,https://www.youtube.com/watch?v=BCDdf4fSpYg,0,Undoing My Father’s Damage - Onyango Otieno (Rix poet),reply,,0,"Great story, thank you for sharing this. May God be your first friend always. 
He has turned your story from scar to star ⭐✨","Great story, thank you for sharing this. May God be your first friend always. He has turned your story from scar to star ⭐✨",True,content_reaction
@nduguabisai,Look how far you've come.,175,https://www.youtube.com/watch?v=BCDdf4fSpYg,0,Undoing My Father’s Damage - Onyango Otieno (Rix poet),reply,,0,Look how far you've come.,Look how far you've come.,False,weak
@janetadhiambo7721,Did he later on find the book? Did he apologize? Ohh dear! Hugs. You are a winner!,175,https://www.youtube.com/watch?v=BCDdf4fSpYg,0,Undoing My Father’s Damage - Onyango Otieno (Rix poet),reply,,0,Did he later on find the book? Did he apologize? Ohh dear! Hugs. You are a winner!,Did he later on find the book? Did he apologize? Ohh dear! Hugs. You are a winner!,False,weak
@nellykaku9664,"Virtual hugs Rix. Your story is deep, may we as parents be safe haven to our kids n let them grow up in safe peaceful environments. Thank you for sharing🙏 Love n light to you always❤",175,https://www.youtube.com/watch?v=BCDdf4fSpYg,0,Undoing My Father’s Damage - Onyango Otieno (Rix poet),reply,,0,"Virtual hugs Rix. Your story is deep, may we as parents be safe haven to our kids n let them grow up in safe peaceful environments. Thank you for sharing🙏 Love n light to you always❤","Virtual hugs Rix. Your story is deep, may we as parents be safe haven to our kids n let them grow up in safe peaceful environments. Thank you for sharing🙏 Love n light to you always❤",True,piece_relevant
@This_is_CKM,I can relate. 100%. Keep going.,175,https://www.youtube.com/watch?v=BCDdf4fSpYg,0,Undoing My Father’s Damage - Onyango Otieno (Rix poet),reply,,0,I can relate. 100%. Keep going.,I can relate. 100%. Keep going.,False,weak
@muthoniblessed155,May this never ever happen to anyone. God help us find the peace that is paramount,175,https://www.youtube.com/watch?v=BCDdf4fSpYg,0,Undoing My Father’s Damage - Onyango Otieno (Rix poet),reply,,0,May this never ever happen to anyone. God help us find the peace that is paramount,May this never ever happen to anyone. God help us find the peace that is paramount,True,content_reaction
@sun_770,Thank you. I relate with the abuse and I hope someday i can exhale,175,https://www.youtube.com/watch?v=BCDdf4fSpYg,0,Undoing My Father’s Damage - Onyango Otieno (Rix poet),reply,,0,Thank you. I relate with the abuse and I hope someday i can exhale,Thank you. I relate with the abuse and I hope someday i can exhale,True,piece_relevant
@Rixpoet, @sun_770 wishing you all the best.,175,https://www.youtube.com/watch?v=BCDdf4fSpYg,0,Undoing My Father’s Damage - Onyango Otieno (Rix poet),reply,,0, @sun_770 wishing you all the best.,@sun_770 wishing you all the best.,False,weak
@Rixpoet, @sun_770 ❤,175,https://www.youtube.com/watch?v=BCDdf4fSpYg,0,Undoing My Father’s Damage - Onyango Otieno (Rix poet),reply,,0, @sun_770 ❤,@sun_770 ❤,False,emoji_only
@JoJoJoJo-bb8we,Hugs dear,175,https://www.youtube.com/watch?v=BCDdf4fSpYg,0,Undoing My Father’s Damage - Onyango Otieno (Rix poet),reply,,0,Hugs dear,Hugs dear,False,too_short
