url,twitterUrl,id,text,retweetCount,replyCount,likeCount,quoteCount,createdAt,bookmarkCount,isRetweet,isQuote,comment_text,comment_text_norm,keep,keep_reason
https://x.com/ionexiss/status/1830597544688099534,https://twitter.com/ionexiss/status/1830597544688099534,1830597544688099534,"While women fantasize about relationships, men fantasize about greatness. While women fantasize about cuddling, men fantasize about conquering. As men, we want to do something.
We crave significance, influence, and impact

A man's desire for greatness is so strong that he will attempt to experience it through someone else eg A man who shows up with a jersey with the number of a player always considered to be great.

Your greatness should make the lives within your sphere of influence better, not worse. Your greatness ought to inspire other men because they see your impact for good in the lives of others.",35,6,282,0,Mon Sep 02 13:24:00 +0000 2024,45,False,False,"While women fantasize about relationships, men fantasize about greatness. While women fantasize about cuddling, men fantasize about conquering. As men, we want to do something.
We crave significance, influence, and impact

A man's desire for greatness is so strong that he will attempt to experience it through someone else eg A man who shows up with a jersey with the number of a player always considered to be great.

Your greatness should make the lives within your sphere of influence better, not worse. Your greatness ought to inspire other men because they see your impact for good in the lives of others.","While women fantasize about relationships, men fantasize about greatness. While women fantasize about cuddling, men fantasize about conquering. As men, we want to do something. We crave significance, influence, and impact A man's desire for greatness is so strong that he will attempt to experience it through someone else eg A man who shows up with a jersey with the number of a player always considered to be great. Your greatness should make the lives within your sphere of influence better, not worse. Your greatness ought to inspire other men because they see your impact for good in the lives of others.",True,piece_relevant
https://x.com/Small_wigs/status/1830596982278328481,https://twitter.com/Small_wigs/status/1830596982278328481,1830596982278328481,"@amerix The only love that is unconditional is the love for yourself. The rest, you have to do something to be loved.",12,11,230,0,Mon Sep 02 13:21:46 +0000 2024,11,False,False,"@amerix The only love that is unconditional is the love for yourself. The rest, you have to do something to be loved.","@amerix The only love that is unconditional is the love for yourself. The rest, you have to do something to be loved.",True,piece_relevant
https://x.com/MathuAlfred/status/1830596282173604048,https://twitter.com/MathuAlfred/status/1830596282173604048,1830596282173604048,"@amerix Love is definitely a two-way street. True love thrives on mutual respect, trust, and understanding. 

While it's important for a woman to respect and support her partner, love can't flourish unless it’s reciprocated.",10,24,149,0,Mon Sep 02 13:18:59 +0000 2024,1,False,False,"@amerix Love is definitely a two-way street. True love thrives on mutual respect, trust, and understanding. 

While it's important for a woman to respect and support her partner, love can't flourish unless it’s reciprocated.","@amerix Love is definitely a two-way street. True love thrives on mutual respect, trust, and understanding. While it's important for a woman to respect and support her partner, love can't flourish unless it's reciprocated.",True,piece_relevant
https://x.com/thekingmaker211/status/1830599154730414451,https://twitter.com/thekingmaker211/status/1830599154730414451,1830599154730414451,"@amerix A woman must obey, submit, and respect her man to be loved.

This view aligns with traditional patriarchal structures but is contested by modern feminist .",9,2,63,0,Mon Sep 02 13:30:24 +0000 2024,5,False,False,"@amerix A woman must obey, submit, and respect her man to be loved.

This view aligns with traditional patriarchal structures but is contested by modern feminist .","@amerix A woman must obey, submit, and respect her man to be loved. This view aligns with traditional patriarchal structures but is contested by modern feminist .",True,piece_relevant
https://x.com/Iam_belvin/status/1830598273427456333,https://twitter.com/Iam_belvin/status/1830598273427456333,1830598273427456333,"@amerix Massive wisdom this one. So, literally modern-day love fraudsters have reversed the order, making it so hard to find love.",0,1,28,0,Mon Sep 02 13:26:53 +0000 2024,0,False,False,"@amerix Massive wisdom this one. So, literally modern-day love fraudsters have reversed the order, making it so hard to find love.","@amerix Massive wisdom this one. So, literally modern-day love fraudsters have reversed the order, making it so hard to find love.",True,piece_relevant
https://x.com/Luchi_Robin/status/1830617791671742723,https://twitter.com/Luchi_Robin/status/1830617791671742723,1830617791671742723,"@amerix Love is a fallacy. It's women who purport to love men but in reality it's because of what men can provide.
#Changeorperish",1,1,22,0,Mon Sep 02 14:44:27 +0000 2024,1,False,False,"@amerix Love is a fallacy. It's women who purport to love men but in reality it's because of what men can provide.
#Changeorperish",@amerix Love is a fallacy. It's women who purport to love men but in reality it's because of what men can provide. #Changeorperish,True,piece_relevant
https://x.com/Mfalme_Sauli/status/1830596269808501043,https://twitter.com/Mfalme_Sauli/status/1830596269808501043,1830596269808501043,"@amerix In summery Kings, If a woman disrespects you, she deserves to be abandoned to suffer the pain of her ignorance. 

Very crucial. #BetterTogether",1,0,17,0,Mon Sep 02 13:18:56 +0000 2024,0,False,False,"@amerix In summery Kings, If a woman disrespects you, she deserves to be abandoned to suffer the pain of her ignorance. 

Very crucial. #BetterTogether","@amerix In summery Kings, If a woman disrespects you, she deserves to be abandoned to suffer the pain of her ignorance. Very crucial. #BetterTogether",True,piece_relevant
https://x.com/curtiske6/status/1830595613391569356,https://twitter.com/curtiske6/status/1830595613391569356,1830595613391569356,@amerix A what happens to women who find someone younger than them?,0,6,17,0,Mon Sep 02 13:16:19 +0000 2024,0,False,False,@amerix A what happens to women who find someone younger than them?,@amerix A what happens to women who find someone younger than them?,True,piece_relevant
https://x.com/KusienyaKelvin/status/1830599902902247853,https://twitter.com/KusienyaKelvin/status/1830599902902247853,1830599902902247853,@amerix Love is a two way street,2,0,12,0,Mon Sep 02 13:33:22 +0000 2024,0,False,False,@amerix Love is a two way street,@amerix Love is a two way street,True,piece_relevant
https://x.com/DaveKengabi/status/1830597603727143112,https://twitter.com/DaveKengabi/status/1830597603727143112,1830597603727143112,"@amerix ""So, if the woman becomes rude, belligerent, and bellicose, she doesn't deserve to be loved."" 

Key points only",0,0,12,0,Mon Sep 02 13:24:14 +0000 2024,0,False,False,"@amerix ""So, if the woman becomes rude, belligerent, and bellicose, she doesn't deserve to be loved."" 

Key points only","@amerix ""So, if the woman becomes rude, belligerent, and bellicose, she doesn't deserve to be loved."" Key points only",True,piece_relevant
https://x.com/AntonyMungaa/status/1830597922360299815,https://twitter.com/AntonyMungaa/status/1830597922360299815,1830597922360299815,"@amerix Hapa nayo unatuconfuse,...""but man can't love God""",0,2,11,0,Mon Sep 02 13:25:30 +0000 2024,0,False,False,"@amerix Hapa nayo unatuconfuse,...""but man can't love God""","@amerix Hapa nayo unatuconfuse,...""but man can't love God""",True,piece_relevant
https://x.com/MajorPhilant777/status/1830597963422511341,https://twitter.com/MajorPhilant777/status/1830597963422511341,1830597963422511341,"@amerix I disagree with this 
The Bible say 
You must love  your God with your whole heart and with your whole soul and with your whole mind.”​—MATT. 22:37.

A Man can Love God",0,3,10,0,Mon Sep 02 13:25:40 +0000 2024,0,False,False,"@amerix I disagree with this 
The Bible say 
You must love  your God with your whole heart and with your whole soul and with your whole mind.”​—MATT. 22:37.

A Man can Love God","@amerix I disagree with this The Bible say You must love your God with your whole heart and with your whole soul and with your whole mind.""​—MATT. 22:37. A Man can Love God",True,piece_relevant
https://x.com/CCoastarian/status/1830611401708290102,https://twitter.com/CCoastarian/status/1830611401708290102,1830611401708290102,@amerix Wacha nichague wakunipenda ndio niweze kumpa respect,0,2,9,0,Mon Sep 02 14:19:03 +0000 2024,0,False,False,@amerix Wacha nichague wakunipenda ndio niweze kumpa respect,@amerix Wacha nichague wakunipenda ndio niweze kumpa respect,True,piece_relevant
https://x.com/dheg0at/status/1830595979898388821,https://twitter.com/dheg0at/status/1830595979898388821,1830595979898388821,@amerix Women love money and money only.. anything else is BS,0,1,8,0,Mon Sep 02 13:17:47 +0000 2024,0,False,False,@amerix Women love money and money only.. anything else is BS,@amerix Women love money and money only.. anything else is BS,True,piece_relevant
https://x.com/Nuskaren/status/1830615155715264972,https://twitter.com/Nuskaren/status/1830615155715264972,1830615155715264972,@amerix So women should not love God? 🤔 We should only submit to human beings? I do not agree to this.,0,2,5,0,Mon Sep 02 14:33:58 +0000 2024,0,False,False,@amerix So women should not love God? 🤔 We should only submit to human beings? I do not agree to this.,@amerix So women should not love God? 🤔 We should only submit to human beings? I do not agree to this.,True,piece_relevant
https://x.com/nkatha_grace/status/1830674782255202546,https://twitter.com/nkatha_grace/status/1830674782255202546,1830674782255202546,"@amerix This is actually on point 100% the only problem is there are a few Men our generation who understands this, they expect a woman to submit to weakness just because you're born male, Men need to upgrade if we are to fix humanity and healthy rshps.",0,0,5,0,Mon Sep 02 18:30:55 +0000 2024,0,False,False,"@amerix This is actually on point 100% the only problem is there are a few Men our generation who understands this, they expect a woman to submit to weakness just because you're born male, Men need to upgrade if we are to fix humanity and healthy rshps.","@amerix This is actually on point 100% the only problem is there are a few Men our generation who understands this, they expect a woman to submit to weakness just because you're born male, Men need to upgrade if we are to fix humanity and healthy rshps.",True,piece_relevant
https://x.com/duncanakello/status/1830597791791411431,https://twitter.com/duncanakello/status/1830597791791411431,1830597791791411431,"@amerix While I don’t believe in god in the traditional sense, this statement is totally correct, first time I am making such a response amerix content, there is an evolutionary science behind this, but that is a story for another day",1,0,3,0,Mon Sep 02 13:24:59 +0000 2024,0,False,False,"@amerix While I don’t believe in god in the traditional sense, this statement is totally correct, first time I am making such a response amerix content, there is an evolutionary science behind this, but that is a story for another day","@amerix While I don't believe in god in the traditional sense, this statement is totally correct, first time I am making such a response amerix content, there is an evolutionary science behind this, but that is a story for another day",True,piece_relevant
https://x.com/shazlove44/status/1830595705259405777,https://twitter.com/shazlove44/status/1830595705259405777,1830595705259405777,"@amerix Our lecturer said ""Get married to a man who loves you""",0,2,5,0,Mon Sep 02 13:16:41 +0000 2024,0,False,False,"@amerix Our lecturer said ""Get married to a man who loves you""","@amerix Our lecturer said ""Get married to a man who loves you""",True,piece_relevant
https://x.com/Mass_Servant/status/1830596279165997097,https://twitter.com/Mass_Servant/status/1830596279165997097,1830596279165997097,@amerix That what can make a good wife,0,0,5,0,Mon Sep 02 13:18:58 +0000 2024,0,False,False,@amerix That what can make a good wife,@amerix That what can make a good wife,True,creator_reaction
https://x.com/jimmiejames_ke/status/1830597361921388960,https://twitter.com/jimmiejames_ke/status/1830597361921388960,1830597361921388960,@amerix Man is the prize. Men should stop simping everywhere.,0,1,4,0,Mon Sep 02 13:23:16 +0000 2024,0,False,False,@amerix Man is the prize. Men should stop simping everywhere.,@amerix Man is the prize. Men should stop simping everywhere.,True,piece_relevant
https://x.com/NgetichElisha20/status/1830597679547547802,https://twitter.com/NgetichElisha20/status/1830597679547547802,1830597679547547802,@amerix Obeying commandments and respect to God may as well goes with love The greatest commandment,0,0,3,0,Mon Sep 02 13:24:32 +0000 2024,0,False,False,@amerix Obeying commandments and respect to God may as well goes with love The greatest commandment,@amerix Obeying commandments and respect to God may as well goes with love The greatest commandment,True,piece_relevant
https://x.com/Kckingson/status/1830598087783379257,https://twitter.com/Kckingson/status/1830598087783379257,1830598087783379257,"@amerix You can't love what's above you.

You can only respect.

Beware",0,0,3,0,Mon Sep 02 13:26:09 +0000 2024,0,False,False,"@amerix You can't love what's above you.

You can only respect.

Beware",@amerix You can't love what's above you. You can only respect. Beware,True,piece_relevant
https://x.com/AmirBiggie/status/1830596750073323987,https://twitter.com/AmirBiggie/status/1830596750073323987,1830596750073323987,@amerix Love is a top down action  no wonder it no longer work cause people don't understand it,0,0,3,0,Mon Sep 02 13:20:50 +0000 2024,0,False,False,@amerix Love is a top down action  no wonder it no longer work cause people don't understand it,@amerix Love is a top down action no wonder it no longer work cause people don't understand it,True,piece_relevant
https://x.com/aghan_mteule/status/1830596208089240021,https://twitter.com/aghan_mteule/status/1830596208089240021,1830596208089240021,@amerix It's only women who are allowed to love emotionally,0,0,3,0,Mon Sep 02 13:18:41 +0000 2024,0,False,False,@amerix It's only women who are allowed to love emotionally,@amerix It's only women who are allowed to love emotionally,True,piece_relevant
https://x.com/kenyasiasani/status/1830612514583019728,https://twitter.com/kenyasiasani/status/1830612514583019728,1830612514583019728,"@amerix In matters of love, it is often believed that a man loves a woman, not the other way around. #ManDay",0,0,3,0,Mon Sep 02 14:23:29 +0000 2024,0,False,False,"@amerix In matters of love, it is often believed that a man loves a woman, not the other way around. #ManDay","@amerix In matters of love, it is often believed that a man loves a woman, not the other way around. #ManDay",True,piece_relevant
https://x.com/Sebast_tales/status/1830597281936204269,https://twitter.com/Sebast_tales/status/1830597281936204269,1830597281936204269,"@amerix Women can never love a man. They are only loyal to their feelings. When a man loves them, they know and they are loyal to that treatment they get from the man.",0,0,3,0,Mon Sep 02 13:22:57 +0000 2024,0,False,False,"@amerix Women can never love a man. They are only loyal to their feelings. When a man loves them, they know and they are loyal to that treatment they get from the man.","@amerix Women can never love a man. They are only loyal to their feelings. When a man loves them, they know and they are loyal to that treatment they get from the man.",True,piece_relevant
https://x.com/KiptenaiTom/status/1830603913617404196,https://twitter.com/KiptenaiTom/status/1830603913617404196,1830603913617404196,"@amerix The hierarchy is clear, it's human who are trying to tamper with it. God wasn't stupid to set the order, those who suffer matter related to love and respect are being punished for disobeying God's order.",0,0,2,0,Mon Sep 02 13:49:18 +0000 2024,0,False,False,"@amerix The hierarchy is clear, it's human who are trying to tamper with it. God wasn't stupid to set the order, those who suffer matter related to love and respect are being punished for disobeying God's order.","@amerix The hierarchy is clear, it's human who are trying to tamper with it. God wasn't stupid to set the order, those who suffer matter related to love and respect are being punished for disobeying God's order.",True,piece_relevant
https://x.com/shilah_kaei/status/1830604888059052494,https://twitter.com/shilah_kaei/status/1830604888059052494,1830604888059052494,@amerix I also believe love is a two way thing if i do love and support then i cannot survive also...has to be mutual for us to grow together,0,0,2,0,Mon Sep 02 13:53:10 +0000 2024,0,False,False,@amerix I also believe love is a two way thing if i do love and support then i cannot survive also...has to be mutual for us to grow together,@amerix I also believe love is a two way thing if i do love and support then i cannot survive also...has to be mutual for us to grow together,True,piece_relevant
https://x.com/KennedyKilonzi2/status/1830595821223526414,https://twitter.com/KennedyKilonzi2/status/1830595821223526414,1830595821223526414,"@amerix Literally, this means naeza penda madem wengi as I need?",0,1,2,0,Mon Sep 02 13:17:09 +0000 2024,0,False,False,"@amerix Literally, this means naeza penda madem wengi as I need?","@amerix Literally, this means naeza penda madem wengi as I need?",True,creator_reaction
https://x.com/MajorMinor6597/status/1830630210905256206,https://twitter.com/MajorMinor6597/status/1830630210905256206,1830630210905256206,"@amerix The idea that a woman who is ""rude, belligerent, and bellicose"" doesn't deserve love and should be abandoned reflects a punitive approach to relationships. This view fails to account for the importance of communication, understanding, and growth in relationships.",0,0,2,0,Mon Sep 02 15:33:48 +0000 2024,0,False,False,"@amerix The idea that a woman who is ""rude, belligerent, and bellicose"" doesn't deserve love and should be abandoned reflects a punitive approach to relationships. This view fails to account for the importance of communication, understanding, and growth in relationships.","@amerix The idea that a woman who is ""rude, belligerent, and bellicose"" doesn't deserve love and should be abandoned reflects a punitive approach to relationships. This view fails to account for the importance of communication, understanding, and growth in relationships.",True,piece_relevant
https://x.com/Wa39424Wafula/status/1830604266748498335,https://twitter.com/Wa39424Wafula/status/1830604266748498335,1830604266748498335,@amerix Hapo kwa man's roles umesahau the most important...he is to be the PRIEST of the home,0,0,2,0,Mon Sep 02 13:50:42 +0000 2024,0,False,False,@amerix Hapo kwa man's roles umesahau the most important...he is to be the PRIEST of the home,@amerix Hapo kwa man's roles umesahau the most important...he is to be the PRIEST of the home,True,piece_relevant
https://x.com/netmines/status/1830609650791956504,https://twitter.com/netmines/status/1830609650791956504,1830609650791956504,"@amerix So many hurt men in comment section agreeing with this,  truth is Love has to be charged always by, ""being loved in return""   i agree with many of your taked but not on this. Who doesnt love their mother? I am toilling right now so that i can build my parents a house. Thats love",0,3,2,0,Mon Sep 02 14:12:06 +0000 2024,0,False,False,"@amerix So many hurt men in comment section agreeing with this,  truth is Love has to be charged always by, ""being loved in return""   i agree with many of your taked but not on this. Who doesnt love their mother? I am toilling right now so that i can build my parents a house. Thats love","@amerix So many hurt men in comment section agreeing with this, truth is Love has to be charged always by, ""being loved in return"" i agree with many of your taked but not on this. Who doesnt love their mother? I am toilling right now so that i can build my parents a house. Thats love",True,piece_relevant
https://x.com/airiticketsKP/status/1830598542056104272,https://twitter.com/airiticketsKP/status/1830598542056104272,1830598542056104272,"@amerix women need to understand this, we didn't make this rules, it's completely natural order, God came first ,man followed, then woman ,then children.",0,0,2,0,Mon Sep 02 13:27:57 +0000 2024,0,False,False,"@amerix women need to understand this, we didn't make this rules, it's completely natural order, God came first ,man followed, then woman ,then children.","@amerix women need to understand this, we didn't make this rules, it's completely natural order, God came first ,man followed, then woman ,then children.",True,piece_relevant
https://x.com/johnfredjnr/status/1830595843516223982,https://twitter.com/johnfredjnr/status/1830595843516223982,1830595843516223982,@amerix Children can't love a mother?,0,1,2,0,Mon Sep 02 13:17:14 +0000 2024,0,False,False,@amerix Children can't love a mother?,@amerix Children can't love a mother?,True,piece_relevant
https://x.com/lexinouno/status/1830760948564664727,https://twitter.com/lexinouno/status/1830760948564664727,1830760948564664727,@amerix Then why does the bible say love the Lord your God with all your heart???,0,0,2,0,Tue Sep 03 00:13:18 +0000 2024,0,False,False,@amerix Then why does the bible say love the Lord your God with all your heart???,@amerix Then why does the bible say love the Lord your God with all your heart???,True,piece_relevant
https://x.com/do_be_better/status/1830775093724606588,https://twitter.com/do_be_better/status/1830775093724606588,1830775093724606588,"A main component of this is that love is an action, not a feeling.

When you love someone you act in a manner that shows that. You do things for them.

Children will appreciate what their Mom does for them. But their Mom is the one who is actively doing things for them.

Love is action. If you love someone, then show them by your actions.",0,0,2,0,Tue Sep 03 01:09:31 +0000 2024,0,False,False,"A main component of this is that love is an action, not a feeling.

When you love someone you act in a manner that shows that. You do things for them.

Children will appreciate what their Mom does for them. But their Mom is the one who is actively doing things for them.

Love is action. If you love someone, then show them by your actions.","A main component of this is that love is an action, not a feeling. When you love someone you act in a manner that shows that. You do things for them. Children will appreciate what their Mom does for them. But their Mom is the one who is actively doing things for them. Love is action. If you love someone, then show them by your actions.",True,piece_relevant
https://x.com/edinah36598/status/1830596198593700165,https://twitter.com/edinah36598/status/1830596198593700165,1830596198593700165,"@amerix Respect and love are mutual, not one-sided. Healthy relationships thrive on partnership, not subservience. A loving man and woman support and cherish each other equally.",0,0,2,0,Mon Sep 02 13:18:39 +0000 2024,0,False,False,"@amerix Respect and love are mutual, not one-sided. Healthy relationships thrive on partnership, not subservience. A loving man and woman support and cherish each other equally.","@amerix Respect and love are mutual, not one-sided. Healthy relationships thrive on partnership, not subservience. A loving man and woman support and cherish each other equally.",True,piece_relevant
https://x.com/kigengilbet1254/status/1936473139485020391,https://twitter.com/kigengilbet1254/status/1936473139485020391,1936473139485020391,"@amerix Ephesians 5:33*: ""However, each one of you also must love his wife as he loves himself, and the wife must respect her husband.""",0,0,1,0,Sat Jun 21 17:15:49 +0000 2025,0,False,False,"@amerix Ephesians 5:33*: ""However, each one of you also must love his wife as he loves himself, and the wife must respect her husband.""","@amerix Ephesians 5:33*: ""However, each one of you also must love his wife as he loves himself, and the wife must respect her husband.""",True,piece_relevant
https://x.com/votaryofChrist/status/1830618138326802548,https://twitter.com/votaryofChrist/status/1830618138326802548,1830618138326802548,"@amerix Man can and should love God. This is the whole point of life, to love God with all our heart.

Mark 12:30
Love the Lord your God with all your heart and with all your soul and with all your mind and with all your strength",0,0,1,0,Mon Sep 02 14:45:50 +0000 2024,1,False,False,"@amerix Man can and should love God. This is the whole point of life, to love God with all our heart.

Mark 12:30
Love the Lord your God with all your heart and with all your soul and with all your mind and with all your strength","@amerix Man can and should love God. This is the whole point of life, to love God with all our heart. Mark 12:30 Love the Lord your God with all your heart and with all your soul and with all your mind and with all your strength",True,piece_relevant
https://x.com/lawrenceMk23/status/1830599999291330863,https://twitter.com/lawrenceMk23/status/1830599999291330863,1830599999291330863,"@amerix However, the similarities of these two comparable relationships should not be confused as equivalents, for the love of God to a man is the purest form of love that supersedes that of a man to his wife.",0,0,1,0,Mon Sep 02 13:33:45 +0000 2024,0,False,False,"@amerix However, the similarities of these two comparable relationships should not be confused as equivalents, for the love of God to a man is the purest form of love that supersedes that of a man to his wife.","@amerix However, the similarities of these two comparable relationships should not be confused as equivalents, for the love of God to a man is the purest form of love that supersedes that of a man to his wife.",True,piece_relevant
https://x.com/TheMBG/status/1830614347623854223,https://twitter.com/TheMBG/status/1830614347623854223,1830614347623854223,@amerix On the 4Ps so far I've managed penetration. Now let me work on the remaining in order to be a complete man. #Manday,0,0,1,0,Mon Sep 02 14:30:46 +0000 2024,0,False,False,@amerix On the 4Ps so far I've managed penetration. Now let me work on the remaining in order to be a complete man. #Manday,@amerix On the 4Ps so far I've managed penetration. Now let me work on the remaining in order to be a complete man. #Manday,True,piece_relevant
https://x.com/Crystalsea777/status/1830638428750250021,https://twitter.com/Crystalsea777/status/1830638428750250021,1830638428750250021,"@amerix This is wrong teaching. God is love, and the Bible says while we were yet sinners, He died for us. He doesn't love us because we are worthy or submissive, but because it's His nature to love. His love is unconditional. Even when He chastises and corrects, He does it in love.",0,2,1,0,Mon Sep 02 16:06:27 +0000 2024,0,False,False,"@amerix This is wrong teaching. God is love, and the Bible says while we were yet sinners, He died for us. He doesn't love us because we are worthy or submissive, but because it's His nature to love. His love is unconditional. Even when He chastises and corrects, He does it in love.","@amerix This is wrong teaching. God is love, and the Bible says while we were yet sinners, He died for us. He doesn't love us because we are worthy or submissive, but because it's His nature to love. His love is unconditional. Even when He chastises and corrects, He does it in love.",True,piece_relevant
https://x.com/raw_bie/status/1830723769670717618,https://twitter.com/raw_bie/status/1830723769670717618,1830723769670717618,"@amerix Precede

• Provide

• Protect

• Penetrate",0,0,1,0,Mon Sep 02 21:45:34 +0000 2024,0,False,False,"@amerix Precede

• Provide

• Protect

• Penetrate",@amerix Precede • Provide • Protect • Penetrate,True,piece_relevant
https://x.com/brianne_adero/status/1830612859539402763,https://twitter.com/brianne_adero/status/1830612859539402763,1830612859539402763,"@amerix If only men could know what amerix knows,this world could be easy.",0,0,1,0,Mon Sep 02 14:24:51 +0000 2024,0,False,False,"@amerix If only men could know what amerix knows,this world could be easy.","@amerix If only men could know what amerix knows,this world could be easy.",True,piece_relevant
https://x.com/Kakaa_aaaa/status/1830661268702929148,https://twitter.com/Kakaa_aaaa/status/1830661268702929148,1830661268702929148,"@amerix ""...Therefore, man must obey, submit, and respect God to be loved..."" ..this a weak god.",0,0,1,0,Mon Sep 02 17:37:13 +0000 2024,0,False,False,"@amerix ""...Therefore, man must obey, submit, and respect God to be loved..."" ..this a weak god.","@amerix ""...Therefore, man must obey, submit, and respect God to be loved..."" ..this a weak god.",True,piece_relevant
https://x.com/mutembeiwiliam/status/1830602123089994105,https://twitter.com/mutembeiwiliam/status/1830602123089994105,1830602123089994105,@amerix Be a man who uses the 4ps not doing what she wants,0,0,1,0,Mon Sep 02 13:42:11 +0000 2024,0,False,False,@amerix Be a man who uses the 4ps not doing what she wants,@amerix Be a man who uses the 4ps not doing what she wants,True,piece_relevant
https://x.com/mwamathwe/status/1830610629998375315,https://twitter.com/mwamathwe/status/1830610629998375315,1830610629998375315,"@amerix Jomba you nailed it on the head.
Madam told me she loves me one day....I almost gave her a head butt🙈
But told her politely to respect me-period.
I know God and Susanna love me. 
Today she is always belching love to date....maximum Respect works 👊",0,0,1,0,Mon Sep 02 14:15:59 +0000 2024,0,False,False,"@amerix Jomba you nailed it on the head.
Madam told me she loves me one day....I almost gave her a head butt🙈
But told her politely to respect me-period.
I know God and Susanna love me. 
Today she is always belching love to date....maximum Respect works 👊",@amerix Jomba you nailed it on the head. Madam told me she loves me one day....I almost gave her a head butt🙈 But told her politely to respect me-period. I know God and Susanna love me. Today she is always belching love to date....maximum Respect works 👊,True,piece_relevant
https://x.com/NdianyOkello/status/1830609503441883295,https://twitter.com/NdianyOkello/status/1830609503441883295,1830609503441883295,"@amerix On this, you're very wrong! Love doesn't exist, it is a matter of one's interests clouding their sense of reasoning",0,0,0,0,Mon Sep 02 14:11:31 +0000 2024,0,False,False,"@amerix On this, you're very wrong! Love doesn't exist, it is a matter of one's interests clouding their sense of reasoning","@amerix On this, you're very wrong! Love doesn't exist, it is a matter of one's interests clouding their sense of reasoning",True,piece_relevant
https://x.com/basicsincrime/status/1830686871929692660,https://twitter.com/basicsincrime/status/1830686871929692660,1830686871929692660,@amerix Love thrives where there is respect.,0,0,0,0,Mon Sep 02 19:18:57 +0000 2024,0,False,False,@amerix Love thrives where there is respect.,@amerix Love thrives where there is respect.,True,piece_relevant
https://x.com/Charline_remmy/status/1936795711045091469,https://twitter.com/Charline_remmy/status/1936795711045091469,1936795711045091469,@amerix A man will cling on you when he has nothing but once he has it...u will know his full colour....learnt another lesson,0,0,0,0,Sun Jun 22 14:37:36 +0000 2025,0,False,False,@amerix A man will cling on you when he has nothing but once he has it...u will know his full colour....learnt another lesson,@amerix A man will cling on you when he has nothing but once he has it...u will know his full colour....learnt another lesson,True,piece_relevant
https://x.com/Kamkenpro/status/1831256429610598554,https://twitter.com/Kamkenpro/status/1831256429610598554,1831256429610598554,"@amerix There's nothing like ""love is a top down action"" 
You posted this fwaa, no facts no basis",0,0,0,0,Wed Sep 04 09:02:10 +0000 2024,0,False,False,"@amerix There's nothing like ""love is a top down action"" 
You posted this fwaa, no facts no basis","@amerix There's nothing like ""love is a top down action"" You posted this fwaa, no facts no basis",True,piece_relevant
https://x.com/nancymorgan12/status/1831004622636388589,https://twitter.com/nancymorgan12/status/1831004622636388589,1831004622636388589,"@amerix wow but the  men are good at penetrating only a few can syc to that code
if they did all that honestly why not submit",0,0,0,0,Tue Sep 03 16:21:35 +0000 2024,0,False,False,"@amerix wow but the  men are good at penetrating only a few can syc to that code
if they did all that honestly why not submit",@amerix wow but the men are good at penetrating only a few can syc to that code if they did all that honestly why not submit,True,piece_relevant
https://x.com/AutocarJohn/status/1830654235962400878,https://twitter.com/AutocarJohn/status/1830654235962400878,1830654235962400878,@amerix Eric if she doesn't love you she won't submit. Remember these is in average intellectual relation. But not those who use power etc,0,0,0,0,Mon Sep 02 17:09:16 +0000 2024,0,False,False,@amerix Eric if she doesn't love you she won't submit. Remember these is in average intellectual relation. But not those who use power etc,@amerix Eric if she doesn't love you she won't submit. Remember these is in average intellectual relation. But not those who use power etc,True,piece_relevant
https://x.com/_Muga_Peter/status/1830606865430159614,https://twitter.com/_Muga_Peter/status/1830606865430159614,1830606865430159614,"@amerix I have never agreed with your content. Today, I however feel you are speaking sense. Only today!",0,0,0,0,Mon Sep 02 14:01:02 +0000 2024,0,False,False,"@amerix I have never agreed with your content. Today, I however feel you are speaking sense. Only today!","@amerix I have never agreed with your content. Today, I however feel you are speaking sense. Only today!",True,creator_reaction
https://x.com/SamsonRuth2024/status/1830644500202484208,https://twitter.com/SamsonRuth2024/status/1830644500202484208,1830644500202484208,"@amerix 1 John 4:10This is love:not that we loved God, but that he loved us &amp; sent his Son as an atoning sacrifice for our sins
Eph 5:25Husbands, love your wives, as Christ loved the church &amp; gave himself up for her
A man have to love his wife with all her weakness as christ loved church",0,0,0,0,Mon Sep 02 16:30:35 +0000 2024,0,False,False,"@amerix 1 John 4:10This is love:not that we loved God, but that he loved us &amp; sent his Son as an atoning sacrifice for our sins
Eph 5:25Husbands, love your wives, as Christ loved the church &amp; gave himself up for her
A man have to love his wife with all her weakness as christ loved church","@amerix 1 John 4:10This is love:not that we loved God, but that he loved us &amp; sent his Son as an atoning sacrifice for our sins Eph 5:25Husbands, love your wives, as Christ loved the church &amp; gave himself up for her A man have to love his wife with all her weakness as christ loved church",True,piece_relevant
https://x.com/Leila32627894/status/1830955120206704894,https://twitter.com/Leila32627894/status/1830955120206704894,1830955120206704894,"@amerix I appreciate your perspective, but I believe that love is a more complex and mutual emotion than you've described. Love can be an exchange where both parties give and receive affection and respect. It's not solely about one gender's ability to love or a hierarchical structure.",0,0,0,0,Tue Sep 03 13:04:52 +0000 2024,0,False,False,"@amerix I appreciate your perspective, but I believe that love is a more complex and mutual emotion than you've described. Love can be an exchange where both parties give and receive affection and respect. It's not solely about one gender's ability to love or a hierarchical structure.","@amerix I appreciate your perspective, but I believe that love is a more complex and mutual emotion than you've described. Love can be an exchange where both parties give and receive affection and respect. It's not solely about one gender's ability to love or a hierarchical structure.",True,piece_relevant
https://x.com/rozziedignity/status/1830596745606111509,https://twitter.com/rozziedignity/status/1830596745606111509,1830596745606111509,"@amerix Women need men for 2 things: money and sex.  If he doesn't have money, he deserves to be abandoned.",0,1,0,0,Mon Sep 02 13:20:49 +0000 2024,0,False,False,"@amerix Women need men for 2 things: money and sex.  If he doesn't have money, he deserves to be abandoned.","@amerix Women need men for 2 things: money and sex. If he doesn't have money, he deserves to be abandoned.",True,piece_relevant
https://x.com/De_bby77/status/1831029205418811726,https://twitter.com/De_bby77/status/1831029205418811726,1831029205418811726,"@amerix You got great points, but it's not so anymore when it comes to a man's love to a woman. The current man takes submission, obedience and respect as weakness and stupidity! They're after NYASH na NYASHI ooo There's absolutely nothing a woman can do to be loved, if she isn't the one",0,0,0,0,Tue Sep 03 17:59:16 +0000 2024,0,False,False,"@amerix You got great points, but it's not so anymore when it comes to a man's love to a woman. The current man takes submission, obedience and respect as weakness and stupidity! They're after NYASH na NYASHI ooo There's absolutely nothing a woman can do to be loved, if she isn't the one","@amerix You got great points, but it's not so anymore when it comes to a man's love to a woman. The current man takes submission, obedience and respect as weakness and stupidity! They're after NYASH na NYASHI ooo There's absolutely nothing a woman can do to be loved, if she isn't the one",True,piece_relevant
https://x.com/Anyango12/status/1830646756964536551,https://twitter.com/Anyango12/status/1830646756964536551,1830646756964536551,@amerix What kind of nonsense philosophy is this? 🙄🙄,0,0,0,0,Mon Sep 02 16:39:33 +0000 2024,0,False,False,@amerix What kind of nonsense philosophy is this? 🙄🙄,@amerix What kind of nonsense philosophy is this? 🙄🙄,True,creator_reaction
https://x.com/GidamanoChampe/status/1830686876920934612,https://twitter.com/GidamanoChampe/status/1830686876920934612,1830686876920934612,"@amerix Some1 wrote on Tyrese, can't dispute fact

All women cant be blamed for this. Many celebrities choose women whose outward appearance is appealing for cameras.
If you marry a ""trophy-wife,"" you will pay a ""trophy-price.""
many celebrities care more about appearances than soul ties.",0,0,0,0,Mon Sep 02 19:18:58 +0000 2024,0,False,False,"@amerix Some1 wrote on Tyrese, can't dispute fact

All women cant be blamed for this. Many celebrities choose women whose outward appearance is appealing for cameras.
If you marry a ""trophy-wife,"" you will pay a ""trophy-price.""
many celebrities care more about appearances than soul ties.","@amerix Some1 wrote on Tyrese, can't dispute fact All women cant be blamed for this. Many celebrities choose women whose outward appearance is appealing for cameras. If you marry a ""trophy-wife,"" you will pay a ""trophy-price."" many celebrities care more about appearances than soul ties.",True,piece_relevant
https://x.com/GlowMediaNews/status/1830596679826833735,https://twitter.com/GlowMediaNews/status/1830596679826833735,1830596679826833735,"@amerix So if the man doesn't provide he doesn't deserve the right to be respected, submitted too is that it??",0,2,0,0,Mon Sep 02 13:20:33 +0000 2024,0,False,False,"@amerix So if the man doesn't provide he doesn't deserve the right to be respected, submitted too is that it??","@amerix So if the man doesn't provide he doesn't deserve the right to be respected, submitted too is that it??",True,piece_relevant
https://x.com/crespobis101/status/1830644944731623586,https://twitter.com/crespobis101/status/1830644944731623586,1830644944731623586,"@amerix Werey oni red pill😂... It is God who loves man, man cannot love God.",0,0,0,0,Mon Sep 02 16:32:21 +0000 2024,0,False,False,"@amerix Werey oni red pill😂... It is God who loves man, man cannot love God.","@amerix Werey oni red pill😂... It is God who loves man, man cannot love God.",True,piece_relevant
https://x.com/abraham_pk38626/status/1830615393855217817,https://twitter.com/abraham_pk38626/status/1830615393855217817,1830615393855217817,"@amerix Women don't love a man but they only love whom and what you are,so they don't need to be loved more so this generation mmmmmmmm",0,0,0,0,Mon Sep 02 14:34:55 +0000 2024,0,False,False,"@amerix Women don't love a man but they only love whom and what you are,so they don't need to be loved more so this generation mmmmmmmm","@amerix Women don't love a man but they only love whom and what you are,so they don't need to be loved more so this generation mmmmmmmm",True,piece_relevant
https://x.com/mc_denoh72834/status/1830920089874424115,https://twitter.com/mc_denoh72834/status/1830920089874424115,1830920089874424115,"@amerix You are right,but when a man express himself to her ,ataanza kumpenda yeye",0,0,0,0,Tue Sep 03 10:45:40 +0000 2024,0,False,False,"@amerix You are right,but when a man express himself to her ,ataanza kumpenda yeye","@amerix You are right,but when a man express himself to her ,ataanza kumpenda yeye",True,piece_relevant
https://x.com/MutheuMusyoki/status/1830944283752337674,https://twitter.com/MutheuMusyoki/status/1830944283752337674,1830944283752337674,"@amerix Therefore, man must obey, submit, and respect God to be loved. Very wrong scripturally. God's love is unconditional, We can never do anything to earn His love",0,0,0,0,Tue Sep 03 12:21:49 +0000 2024,0,False,False,"@amerix Therefore, man must obey, submit, and respect God to be loved. Very wrong scripturally. God's love is unconditional, We can never do anything to earn His love","@amerix Therefore, man must obey, submit, and respect God to be loved. Very wrong scripturally. God's love is unconditional, We can never do anything to earn His love",True,piece_relevant
https://x.com/ron_davide/status/1830912020029333788,https://twitter.com/ron_davide/status/1830912020029333788,1830912020029333788,"@amerix I have always agreed with most of what you say but on this I strongly disagree.
Love is not unidirectional, it goes both ways.",0,0,0,0,Tue Sep 03 10:13:36 +0000 2024,0,False,False,"@amerix I have always agreed with most of what you say but on this I strongly disagree.
Love is not unidirectional, it goes both ways.","@amerix I have always agreed with most of what you say but on this I strongly disagree. Love is not unidirectional, it goes both ways.",True,piece_relevant
https://x.com/Moseehchege/status/1830905405775438004,https://twitter.com/Moseehchege/status/1830905405775438004,1830905405775438004,@amerix @amerix you should write a book.I have learnt a lot in this space.,0,0,0,0,Tue Sep 03 09:47:19 +0000 2024,0,False,False,@amerix @amerix you should write a book.I have learnt a lot in this space.,@amerix @amerix you should write a book.I have learnt a lot in this space.,True,creator_reaction
https://x.com/mlima_babe/status/1830754399657857509,https://twitter.com/mlima_babe/status/1830754399657857509,1830754399657857509,"@amerix Lies 
Don't listen to @amerix . Read the Bible to know the truth 
Man can love God 
Woman can love man 

Oh gosh pple don't follow foolishly",0,0,0,0,Mon Sep 02 23:47:17 +0000 2024,0,False,False,"@amerix Lies 
Don't listen to @amerix . Read the Bible to know the truth 
Man can love God 
Woman can love man 

Oh gosh pple don't follow foolishly",@amerix Lies Don't listen to @amerix . Read the Bible to know the truth Man can love God Woman can love man Oh gosh pple don't follow foolishly,True,piece_relevant
https://x.com/cosmasmuti5160/status/1830621360898327035,https://twitter.com/cosmasmuti5160/status/1830621360898327035,1830621360898327035,"@amerix I fully support you.

Love is a result of submission.

That's why we are all people of God and only those who submit to Him are His children",0,0,0,0,Mon Sep 02 14:58:38 +0000 2024,0,False,False,"@amerix I fully support you.

Love is a result of submission.

That's why we are all people of God and only those who submit to Him are His children",@amerix I fully support you. Love is a result of submission. That's why we are all people of God and only those who submit to Him are His children,True,piece_relevant
https://x.com/MagayuSally/status/1830805852346855464,https://twitter.com/MagayuSally/status/1830805852346855464,1830805852346855464,@amerix What of when a child becomes rude? Indiscipline?  Does he/she deserve the same treatment??,0,0,0,0,Tue Sep 03 03:11:44 +0000 2024,0,False,False,@amerix What of when a child becomes rude? Indiscipline?  Does he/she deserve the same treatment??,@amerix What of when a child becomes rude? Indiscipline? Does he/she deserve the same treatment??,True,piece_relevant
https://x.com/DKN2030/status/1830946261182357510,https://twitter.com/DKN2030/status/1830946261182357510,1830946261182357510,@amerix Well said. A man is a mini-god who can either create or destroy.,0,0,0,0,Tue Sep 03 12:29:40 +0000 2024,0,False,False,@amerix Well said. A man is a mini-god who can either create or destroy.,@amerix Well said. A man is a mini-god who can either create or destroy.,True,piece_relevant
https://x.com/LeControversial/status/1830623746920513809,https://twitter.com/LeControversial/status/1830623746920513809,1830623746920513809,"@amerix You are waffling from the bottom barrel preposterousness of asininity

A woman is a core emotionality entity hence more propensity to love more than men

A man is a core rationality entity fumbles once oscillates towards heightened emotionality

Hence a woman loves

A man leads",0,1,0,0,Mon Sep 02 15:08:07 +0000 2024,0,False,False,"@amerix You are waffling from the bottom barrel preposterousness of asininity

A woman is a core emotionality entity hence more propensity to love more than men

A man is a core rationality entity fumbles once oscillates towards heightened emotionality

Hence a woman loves

A man leads",@amerix You are waffling from the bottom barrel preposterousness of asininity A woman is a core emotionality entity hence more propensity to love more than men A man is a core rationality entity fumbles once oscillates towards heightened emotionality Hence a woman loves A man leads,True,piece_relevant
https://x.com/DennisKaun41589/status/1830900891903213753,https://twitter.com/DennisKaun41589/status/1830900891903213753,1830900891903213753,"@amerix You share so much insightful truth and factual information. I frequently visit to read your perspective on various life topics, as I find your opinions to be particularly enlightening and valuable 💯💯💯",0,0,0,0,Tue Sep 03 09:29:23 +0000 2024,0,False,False,"@amerix You share so much insightful truth and factual information. I frequently visit to read your perspective on various life topics, as I find your opinions to be particularly enlightening and valuable 💯💯💯","@amerix You share so much insightful truth and factual information. I frequently visit to read your perspective on various life topics, as I find your opinions to be particularly enlightening and valuable 💯💯💯",True,creator_reaction
https://x.com/luiz_ese72/status/1830886108483166413,https://twitter.com/luiz_ese72/status/1830886108483166413,1830886108483166413,@amerix God loves man unconditionally and Man must love his wife unconditionally. God doesn't love us because we summit and obey him. He loves us. Because of the value he has put in us! That's why he gave his only begotten Son for us we didn't have to earn it 🙏,0,0,0,0,Tue Sep 03 08:30:39 +0000 2024,0,False,False,@amerix God loves man unconditionally and Man must love his wife unconditionally. God doesn't love us because we summit and obey him. He loves us. Because of the value he has put in us! That's why he gave his only begotten Son for us we didn't have to earn it 🙏,@amerix God loves man unconditionally and Man must love his wife unconditionally. God doesn't love us because we summit and obey him. He loves us. Because of the value he has put in us! That's why he gave his only begotten Son for us we didn't have to earn it 🙏,True,piece_relevant
https://x.com/AFCEngr/status/1830597749424714118,https://twitter.com/AFCEngr/status/1830597749424714118,1830597749424714118,"@amerix True for women, not so for God. Don't forget  Matthew 22:37.",0,0,0,0,Mon Sep 02 13:24:48 +0000 2024,0,False,False,"@amerix True for women, not so for God. Don't forget  Matthew 22:37.","@amerix True for women, not so for God. Don't forget Matthew 22:37.",True,piece_relevant
https://x.com/KNUdigital/status/1830596568422256797,https://twitter.com/KNUdigital/status/1830596568422256797,1830596568422256797,"@amerix A woman love is a scam, a wona can only respect you, but she can never love you",0,1,0,0,Mon Sep 02 13:20:07 +0000 2024,0,False,False,"@amerix A woman love is a scam, a wona can only respect you, but she can never love you","@amerix A woman love is a scam, a wona can only respect you, but she can never love you",True,piece_relevant
https://x.com/JustinChwea/status/1830611449917632720,https://twitter.com/JustinChwea/status/1830611449917632720,1830611449917632720,"@amerix Love is actually a VERB not a NOUN. You love by providing,protecting, preceding.",0,0,0,0,Mon Sep 02 14:19:15 +0000 2024,0,False,False,"@amerix Love is actually a VERB not a NOUN. You love by providing,protecting, preceding.","@amerix Love is actually a VERB not a NOUN. You love by providing,protecting, preceding.",True,piece_relevant
https://x.com/EMccarlin/status/1830665113625588116,https://twitter.com/EMccarlin/status/1830665113625588116,1830665113625588116,@amerix This man oozes wisdom thank you for those strengthening words,0,0,0,0,Mon Sep 02 17:52:29 +0000 2024,0,False,False,@amerix This man oozes wisdom thank you for those strengthening words,@amerix This man oozes wisdom thank you for those strengthening words,True,piece_relevant
https://x.com/jaybrizzy/status/1830656342044066062,https://twitter.com/jaybrizzy/status/1830656342044066062,1830656342044066062,"@amerix @Omwenyo1 1 John4:19, Deut 6:5, Matt 22:37. You must love the Lord your God with all your heart. Let’s not twist the Bible to make a point please",0,1,0,0,Mon Sep 02 17:17:38 +0000 2024,0,False,False,"@amerix @Omwenyo1 1 John4:19, Deut 6:5, Matt 22:37. You must love the Lord your God with all your heart. Let’s not twist the Bible to make a point please","@amerix @Omwenyo1 1 John4:19, Deut 6:5, Matt 22:37. You must love the Lord your God with all your heart. Let's not twist the Bible to make a point please",True,piece_relevant
https://x.com/la_kgeorge/status/1830655016132358504,https://twitter.com/la_kgeorge/status/1830655016132358504,1830655016132358504,"@amerix For christ sake you posted a while back in one of the classes that, do not marry a woman you love, marry the one who loves you.",0,0,0,0,Mon Sep 02 17:12:22 +0000 2024,0,False,False,"@amerix For christ sake you posted a while back in one of the classes that, do not marry a woman you love, marry the one who loves you.","@amerix For christ sake you posted a while back in one of the classes that, do not marry a woman you love, marry the one who loves you.",True,piece_relevant
https://x.com/ibrahim_osore/status/1830644597770666111,https://twitter.com/ibrahim_osore/status/1830644597770666111,1830644597770666111,@amerix Man's desire for greatness is so strong that he will attempt to experience it through someone/something.,0,0,0,0,Mon Sep 02 16:30:58 +0000 2024,0,False,False,@amerix Man's desire for greatness is so strong that he will attempt to experience it through someone/something.,@amerix Man's desire for greatness is so strong that he will attempt to experience it through someone/something.,True,piece_relevant
https://x.com/Jameski14151477/status/1831076640127942810,https://twitter.com/Jameski14151477/status/1831076640127942810,1831076640127942810,"@amerix Submission beget love respect ,then others follow",0,0,0,0,Tue Sep 03 21:07:45 +0000 2024,0,False,False,"@amerix Submission beget love respect ,then others follow","@amerix Submission beget love respect ,then others follow",True,piece_relevant
https://x.com/wamriew_387069/status/1830841927412969846,https://twitter.com/wamriew_387069/status/1830841927412969846,1830841927412969846,"@amerix It is not true to say that man can not love God. While God expresses his love for us through His fatherly actions, we express it to him through submission and obedience.",0,0,0,0,Tue Sep 03 05:35:05 +0000 2024,0,False,False,"@amerix It is not true to say that man can not love God. While God expresses his love for us through His fatherly actions, we express it to him through submission and obedience.","@amerix It is not true to say that man can not love God. While God expresses his love for us through His fatherly actions, we express it to him through submission and obedience.",True,piece_relevant
https://x.com/mo_nyangim/status/1830620176968266231,https://twitter.com/mo_nyangim/status/1830620176968266231,1830620176968266231,@amerix Today's is a lie! Man must not do ANYTHING to be loved by God.,0,0,0,0,Mon Sep 02 14:53:56 +0000 2024,0,False,False,@amerix Today's is a lie! Man must not do ANYTHING to be loved by God.,@amerix Today's is a lie! Man must not do ANYTHING to be loved by God.,True,piece_relevant
https://x.com/TheLastmanship/status/1830661652020429137,https://twitter.com/TheLastmanship/status/1830661652020429137,1830661652020429137,@amerix Men don't love any people. They accommodate them based on their contribution to their journey to greatness.,0,0,0,0,Mon Sep 02 17:38:44 +0000 2024,0,False,False,@amerix Men don't love any people. They accommodate them based on their contribution to their journey to greatness.,@amerix Men don't love any people. They accommodate them based on their contribution to their journey to greatness.,True,piece_relevant
https://x.com/Ngokoian/status/1830607235887849874,https://twitter.com/Ngokoian/status/1830607235887849874,1830607235887849874,"@amerix 'Mkinipenda mtazishika Amri zangu' Yoh 14:15
 and It goes down like that.

Living by my rules and submitting to the obligations.",0,0,0,0,Mon Sep 02 14:02:30 +0000 2024,0,False,False,"@amerix 'Mkinipenda mtazishika Amri zangu' Yoh 14:15
 and It goes down like that.

Living by my rules and submitting to the obligations.",@amerix 'Mkinipenda mtazishika Amri zangu' Yoh 14:15 and It goes down like that. Living by my rules and submitting to the obligations.,True,piece_relevant
https://x.com/SaintRhian/status/1830677988297634081,https://twitter.com/SaintRhian/status/1830677988297634081,1830677988297634081,"@amerix ""Also, a woman can only love children, but children can't love the mother. 
Therefore, children must obey, respect, and submit to the mother to be loved."" Hapa nayo you are just talking for the sake",0,0,0,0,Mon Sep 02 18:43:39 +0000 2024,0,False,False,"@amerix ""Also, a woman can only love children, but children can't love the mother. 
Therefore, children must obey, respect, and submit to the mother to be loved."" Hapa nayo you are just talking for the sake","@amerix ""Also, a woman can only love children, but children can't love the mother. Therefore, children must obey, respect, and submit to the mother to be loved."" Hapa nayo you are just talking for the sake",True,piece_relevant
https://x.com/itsjavoo/status/1830676301650264110,https://twitter.com/itsjavoo/status/1830676301650264110,1830676301650264110,@amerix So the man who wrote Deuteronomy was chewing jaba? https://t.co/6zkdvpYHTr,0,0,0,0,Mon Sep 02 18:36:57 +0000 2024,0,False,False,@amerix So the man who wrote Deuteronomy was chewing jaba? https://t.co/6zkdvpYHTr,@amerix So the man who wrote Deuteronomy was chewing jaba? https://t.co/6zkdvpYHTr,True,piece_relevant
https://x.com/panyako/status/1830735595544465680,https://twitter.com/panyako/status/1830735595544465680,1830735595544465680,@amerix Fallacy. How many Christian martyrs (men) have given up their lives and died for their love of God?,0,0,0,0,Mon Sep 02 22:32:34 +0000 2024,0,False,False,@amerix Fallacy. How many Christian martyrs (men) have given up their lives and died for their love of God?,@amerix Fallacy. How many Christian martyrs (men) have given up their lives and died for their love of God?,True,piece_relevant
https://x.com/sheks_254/status/1830925029539823744,https://twitter.com/sheks_254/status/1830925029539823744,1830925029539823744,"@amerix Moral of the story women, don't let him penetrate you if he can't provide, protect and precede you.",0,0,0,0,Tue Sep 03 11:05:18 +0000 2024,0,False,False,"@amerix Moral of the story women, don't let him penetrate you if he can't provide, protect and precede you.","@amerix Moral of the story women, don't let him penetrate you if he can't provide, protect and precede you.",True,piece_relevant
https://x.com/beautah_O/status/1830597216953606186,https://twitter.com/beautah_O/status/1830597216953606186,1830597216953606186,@amerix You have a very interesting  perspective..your intellectuality is actually  intellectual,0,0,0,0,Mon Sep 02 13:22:42 +0000 2024,0,False,False,@amerix You have a very interesting  perspective..your intellectuality is actually  intellectual,@amerix You have a very interesting perspective..your intellectuality is actually intellectual,True,creator_reaction
https://x.com/mbinya015/status/1830611417881358654,https://twitter.com/mbinya015/status/1830611417881358654,1830611417881358654,@amerix Hapa naye you're lying. Children can love their mother,0,0,0,0,Mon Sep 02 14:19:07 +0000 2024,0,False,False,@amerix Hapa naye you're lying. Children can love their mother,@amerix Hapa naye you're lying. Children can love their mother,True,piece_relevant
https://x.com/TherealdavidIII/status/1830618233998807103,https://twitter.com/TherealdavidIII/status/1830618233998807103,1830618233998807103,"@amerix Become the man you ought to become if you want to love.

Love is about giving... and you ought to be worth it to be able to give.",0,0,0,0,Mon Sep 02 14:46:12 +0000 2024,0,False,False,"@amerix Become the man you ought to become if you want to love.

Love is about giving... and you ought to be worth it to be able to give.",@amerix Become the man you ought to become if you want to love. Love is about giving... and you ought to be worth it to be able to give.,True,piece_relevant
https://x.com/cheru7/status/1830614424635560176,https://twitter.com/cheru7/status/1830614424635560176,1830614424635560176,"@amerix “We love him, because he first loved us. If a man say, I love God, and hateth his brother, he is a liar: for he that loveth not his brother whom he hath seen, how can he love God whom he hath not seen? And this commandment …., That he who loveth God love his brother also.”",0,0,0,0,Mon Sep 02 14:31:04 +0000 2024,0,False,False,"@amerix “We love him, because he first loved us. If a man say, I love God, and hateth his brother, he is a liar: for he that loveth not his brother whom he hath seen, how can he love God whom he hath not seen? And this commandment …., That he who loveth God love his brother also.”","@amerix ""We love him, because he first loved us. If a man say, I love God, and hateth his brother, he is a liar: for he that loveth not his brother whom he hath seen, how can he love God whom he hath not seen? And this commandment …., That he who loveth God love his brother also.""",True,piece_relevant
https://x.com/BrianWa81344161/status/1830657291248713991,https://twitter.com/BrianWa81344161/status/1830657291248713991,1830657291248713991,@amerix If my wife disrepects me i will just give her a higher rank akuwe Bibi mkubwa.,0,0,0,0,Mon Sep 02 17:21:24 +0000 2024,0,False,False,@amerix If my wife disrepects me i will just give her a higher rank akuwe Bibi mkubwa.,@amerix If my wife disrepects me i will just give her a higher rank akuwe Bibi mkubwa.,True,scope_relevant
https://x.com/Br3mcy/status/1830631882738053592,https://twitter.com/Br3mcy/status/1830631882738053592,1830631882738053592,@amerix The last three statements can save you a lot of trouble with women,0,0,0,0,Mon Sep 02 15:40:26 +0000 2024,0,False,False,@amerix The last three statements can save you a lot of trouble with women,@amerix The last three statements can save you a lot of trouble with women,True,piece_relevant
https://x.com/NNgigi69887/status/1830614907508982136,https://twitter.com/NNgigi69887/status/1830614907508982136,1830614907508982136,"@amerix I disagree with a lot of things..but if a woman doesn't want you to penetrate her,,she. Deserves to be ignored.Alot of this pions out there waste lots of time on women who don't reward you with intimacy..then you end up victimizing them..men have become weak🚮🤬",0,0,0,0,Mon Sep 02 14:32:59 +0000 2024,0,False,False,"@amerix I disagree with a lot of things..but if a woman doesn't want you to penetrate her,,she. Deserves to be ignored.Alot of this pions out there waste lots of time on women who don't reward you with intimacy..then you end up victimizing them..men have become weak🚮🤬","@amerix I disagree with a lot of things..but if a woman doesn't want you to penetrate her,,she. Deserves to be ignored.Alot of this pions out there waste lots of time on women who don't reward you with intimacy..then you end up victimizing them..men have become weak🚮🤬",True,piece_relevant
https://x.com/sayuombela/status/1830686030518706506,https://twitter.com/sayuombela/status/1830686030518706506,1830686030518706506,"@amerix Totally agree, that's why when a man goes broke and can't provide and protect, a woman withdraws her respect, and sees him as unworthy to penetrate her. That means she never loved you in the first place because love is unconditional......blaaadclat.....bomboclaat!",0,0,0,0,Mon Sep 02 19:15:36 +0000 2024,0,False,False,"@amerix Totally agree, that's why when a man goes broke and can't provide and protect, a woman withdraws her respect, and sees him as unworthy to penetrate her. That means she never loved you in the first place because love is unconditional......blaaadclat.....bomboclaat!","@amerix Totally agree, that's why when a man goes broke and can't provide and protect, a woman withdraws her respect, and sees him as unworthy to penetrate her. That means she never loved you in the first place because love is unconditional......blaaadclat.....bomboclaat!",True,piece_relevant
https://x.com/irushiscky/status/1830685670299632055,https://twitter.com/irushiscky/status/1830685670299632055,1830685670299632055,"@amerix If all men decide to follow these rules, we shall have a very sober group of women in our society but simps Ni Nani?😂",0,0,0,0,Mon Sep 02 19:14:10 +0000 2024,0,False,False,"@amerix If all men decide to follow these rules, we shall have a very sober group of women in our society but simps Ni Nani?😂","@amerix If all men decide to follow these rules, we shall have a very sober group of women in our society but simps Ni Nani?😂",True,piece_relevant
https://x.com/crustaceaTibs/status/1830616311015325774,https://twitter.com/crustaceaTibs/status/1830616311015325774,1830616311015325774,@amerix Love trickles down while respect goes the other way round noted 📝,0,0,0,0,Mon Sep 02 14:38:34 +0000 2024,0,False,False,@amerix Love trickles down while respect goes the other way round noted 📝,@amerix Love trickles down while respect goes the other way round noted 📝,True,piece_relevant
https://x.com/midnightgrover/status/1830596946765271219,https://twitter.com/midnightgrover/status/1830596946765271219,1830596946765271219,@amerix men are the romantics women are the idealists,0,1,0,0,Mon Sep 02 13:21:37 +0000 2024,0,False,False,@amerix men are the romantics women are the idealists,@amerix men are the romantics women are the idealists,True,piece_relevant
https://x.com/ManCaleh01/status/1830609601080995897,https://twitter.com/ManCaleh01/status/1830609601080995897,1830609601080995897,"@amerix Mkuu leo nae unatema, been thinking of that verse ""for God so love the world that he gave..."" For a long time now, reflecting to what you are telling us today. God bless you.",0,0,0,0,Mon Sep 02 14:11:54 +0000 2024,1,False,False,"@amerix Mkuu leo nae unatema, been thinking of that verse ""for God so love the world that he gave..."" For a long time now, reflecting to what you are telling us today. God bless you.","@amerix Mkuu leo nae unatema, been thinking of that verse ""for God so love the world that he gave..."" For a long time now, reflecting to what you are telling us today. God bless you.",True,piece_relevant
https://x.com/ErikOakenshield/status/1830629542266089496,https://twitter.com/ErikOakenshield/status/1830629542266089496,1830629542266089496,@amerix It's the father that has all the blessings and the curses.,0,0,0,0,Mon Sep 02 15:31:08 +0000 2024,0,False,False,@amerix It's the father that has all the blessings and the curses.,@amerix It's the father that has all the blessings and the curses.,True,substantive_broad
https://x.com/justakenyankid/status/1831195402407715127,https://twitter.com/justakenyankid/status/1831195402407715127,1831195402407715127,"@amerix Whether you do what's right or wrong, whether you sin or ignore God HE STILL LOVES YOU EITHER WAY...HE SAYS COME AS YOU ARE.. my view most of your statements are drawn from a gays point of view...otherwise a real man knows it doesn't matter a thing he will just love his mother..",0,0,0,0,Wed Sep 04 04:59:40 +0000 2024,0,False,False,"@amerix Whether you do what's right or wrong, whether you sin or ignore God HE STILL LOVES YOU EITHER WAY...HE SAYS COME AS YOU ARE.. my view most of your statements are drawn from a gays point of view...otherwise a real man knows it doesn't matter a thing he will just love his mother..","@amerix Whether you do what's right or wrong, whether you sin or ignore God HE STILL LOVES YOU EITHER WAY...HE SAYS COME AS YOU ARE.. my view most of your statements are drawn from a gays point of view...otherwise a real man knows it doesn't matter a thing he will just love his mother..",True,piece_relevant
https://x.com/justakenyankid/status/1831194454125928740,https://twitter.com/justakenyankid/status/1831194454125928740,1831194454125928740,"@amerix Mathew 22:37 LOVE THE LORD YOUR GOD WITH ALL YOUR HEART 
at times you just say things to apease who? Being masculine has been misinterpreted too many a times",0,0,0,0,Wed Sep 04 04:55:54 +0000 2024,0,False,False,"@amerix Mathew 22:37 LOVE THE LORD YOUR GOD WITH ALL YOUR HEART 
at times you just say things to apease who? Being masculine has been misinterpreted too many a times",@amerix Mathew 22:37 LOVE THE LORD YOUR GOD WITH ALL YOUR HEART at times you just say things to apease who? Being masculine has been misinterpreted too many a times,True,piece_relevant
https://x.com/Megakuchi1/status/1830609755968262342,https://twitter.com/Megakuchi1/status/1830609755968262342,1830609755968262342,"@amerix Love is like a sport, going round in circles",0,0,0,0,Mon Sep 02 14:12:31 +0000 2024,0,False,False,"@amerix Love is like a sport, going round in circles","@amerix Love is like a sport, going round in circles",True,piece_relevant
https://x.com/kanyidennis/status/1830641052254089726,https://twitter.com/kanyidennis/status/1830641052254089726,1830641052254089726,"@amerix Obedience is love expressed toward God. ""IF you love ME, keep MY commandments."" ~ John 14:15. Love for God is an inward feeling (root), while obedience is an outward act (fruit). When man's love for God is turned into action it becomes obedience.",0,0,0,0,Mon Sep 02 16:16:53 +0000 2024,0,False,False,"@amerix Obedience is love expressed toward God. ""IF you love ME, keep MY commandments."" ~ John 14:15. Love for God is an inward feeling (root), while obedience is an outward act (fruit). When man's love for God is turned into action it becomes obedience.","@amerix Obedience is love expressed toward God. ""IF you love ME, keep MY commandments."" ~ John 14:15. Love for God is an inward feeling (root), while obedience is an outward act (fruit). When man's love for God is turned into action it becomes obedience.",True,piece_relevant
https://x.com/tish_bbn/status/1830793930809438508,https://twitter.com/tish_bbn/status/1830793930809438508,1830793930809438508,"@amerix John 14:15-17 - If you love me, obey my commandments.

Man can and should love God. He shows his love through obeying his command. 

Titus 2:4 -Teach the younger women to love their husbands and children. 

Just sharing these verse to show you that you missed the point. ALL WRONG",0,0,0,0,Tue Sep 03 02:24:22 +0000 2024,0,False,False,"@amerix John 14:15-17 - If you love me, obey my commandments.

Man can and should love God. He shows his love through obeying his command. 

Titus 2:4 -Teach the younger women to love their husbands and children. 

Just sharing these verse to show you that you missed the point. ALL WRONG","@amerix John 14:15-17 - If you love me, obey my commandments. Man can and should love God. He shows his love through obeying his command. Titus 2:4 -Teach the younger women to love their husbands and children. Just sharing these verse to show you that you missed the point. ALL WRONG",True,piece_relevant
https://x.com/kimkin_/status/1830668026628448538,https://twitter.com/kimkin_/status/1830668026628448538,1830668026628448538,"@amerix You have a semblance of the concept.
Nevertheless, a fundamental part omitted from your model is that God's love for man is unconditional. It is not pegged on man's obedience and submission. Even when we don't submit or obey, God still loves us.",0,0,0,0,Mon Sep 02 18:04:04 +0000 2024,0,False,False,"@amerix You have a semblance of the concept.
Nevertheless, a fundamental part omitted from your model is that God's love for man is unconditional. It is not pegged on man's obedience and submission. Even when we don't submit or obey, God still loves us.","@amerix You have a semblance of the concept. Nevertheless, a fundamental part omitted from your model is that God's love for man is unconditional. It is not pegged on man's obedience and submission. Even when we don't submit or obey, God still loves us.",True,piece_relevant
https://x.com/keswan_/status/1830901667778146560,https://twitter.com/keswan_/status/1830901667778146560,1830901667778146560,"@amerix God says that women should submit and respect their husbands while men should love their wives. It's clear, but somehow humans don't get it. We fight to control because we don't want to be dominated, yet it's our fate as women to be ruled over😂So much for speaking to the snake.",0,0,0,0,Tue Sep 03 09:32:28 +0000 2024,0,False,False,"@amerix God says that women should submit and respect their husbands while men should love their wives. It's clear, but somehow humans don't get it. We fight to control because we don't want to be dominated, yet it's our fate as women to be ruled over😂So much for speaking to the snake.","@amerix God says that women should submit and respect their husbands while men should love their wives. It's clear, but somehow humans don't get it. We fight to control because we don't want to be dominated, yet it's our fate as women to be ruled over😂So much for speaking to the snake.",True,piece_relevant
https://x.com/keswan_/status/1830899089795428667,https://twitter.com/keswan_/status/1830899089795428667,1830899089795428667,"@amerix In short, what @Amerix has described is structure and order. I can tell you even churchgoers don't honor this and it's very clear in the creation story. This is how love comes full circle.",0,0,0,0,Tue Sep 03 09:22:14 +0000 2024,0,False,False,"@amerix In short, what @Amerix has described is structure and order. I can tell you even churchgoers don't honor this and it's very clear in the creation story. This is how love comes full circle.","@amerix In short, what @Amerix has described is structure and order. I can tell you even churchgoers don't honor this and it's very clear in the creation story. This is how love comes full circle.",True,piece_relevant
https://x.com/RyanG437/status/1830607330284810527,https://twitter.com/RyanG437/status/1830607330284810527,1830607330284810527,"@amerix Women do not have the capability to love men the way men would like to be loved, therefore a woman's love is based on the man's capacity to meet her needs and not for love's sake as portrayed in the media, songs, movies.",0,0,0,0,Mon Sep 02 14:02:53 +0000 2024,0,False,False,"@amerix Women do not have the capability to love men the way men would like to be loved, therefore a woman's love is based on the man's capacity to meet her needs and not for love's sake as portrayed in the media, songs, movies.","@amerix Women do not have the capability to love men the way men would like to be loved, therefore a woman's love is based on the man's capacity to meet her needs and not for love's sake as portrayed in the media, songs, movies.",True,piece_relevant
https://x.com/SirGeorgesO/status/1830600755419480403,https://twitter.com/SirGeorgesO/status/1830600755419480403,1830600755419480403,@amerix Mwalimu oozing wisdom like Solomon.  Time for toxic women to learn and protect their children from their bad habits,0,0,0,0,Mon Sep 02 13:36:45 +0000 2024,0,False,False,@amerix Mwalimu oozing wisdom like Solomon.  Time for toxic women to learn and protect their children from their bad habits,@amerix Mwalimu oozing wisdom like Solomon. Time for toxic women to learn and protect their children from their bad habits,True,piece_relevant
https://x.com/EdNumbi/status/1831081863123005753,https://twitter.com/EdNumbi/status/1831081863123005753,1831081863123005753,@amerix The verse that says love God with all your heart and strength? What does it mean?,0,0,0,0,Tue Sep 03 21:28:30 +0000 2024,0,False,False,@amerix The verse that says love God with all your heart and strength? What does it mean?,@amerix The verse that says love God with all your heart and strength? What does it mean?,True,piece_relevant
https://x.com/mkaka_arvin/status/1830627945586782475,https://twitter.com/mkaka_arvin/status/1830627945586782475,1830627945586782475,"@amerix You'll be needed when you have what is needed.
Never see that as love. 
As a man always strive to have what is needed",0,0,0,0,Mon Sep 02 15:24:48 +0000 2024,0,False,False,"@amerix You'll be needed when you have what is needed.
Never see that as love. 
As a man always strive to have what is needed",@amerix You'll be needed when you have what is needed. Never see that as love. As a man always strive to have what is needed,True,piece_relevant
https://x.com/OlivierBraxtone/status/1830846119770829254,https://twitter.com/OlivierBraxtone/status/1830846119770829254,1830846119770829254,"@amerix Modern system has robbed society especially Black society of their true believes, values and culture. Society is rotting slowly.",0,0,0,0,Tue Sep 03 05:51:45 +0000 2024,0,False,False,"@amerix Modern system has robbed society especially Black society of their true believes, values and culture. Society is rotting slowly.","@amerix Modern system has robbed society especially Black society of their true believes, values and culture. Society is rotting slowly.",True,creator_reaction
https://x.com/truthful_man24/status/1831313431644737651,https://twitter.com/truthful_man24/status/1831313431644737651,1831313431644737651,@amerix Man can't love God?  Stick ur focus on reminding males to remain masculine. Things religion ur opinion is unrequested.,0,0,0,0,Wed Sep 04 12:48:40 +0000 2024,0,False,False,@amerix Man can't love God?  Stick ur focus on reminding males to remain masculine. Things religion ur opinion is unrequested.,@amerix Man can't love God? Stick ur focus on reminding males to remain masculine. Things religion ur opinion is unrequested.,True,piece_relevant
https://x.com/Wian31432318/status/1830616737592570140,https://twitter.com/Wian31432318/status/1830616737592570140,1830616737592570140,"@amerix This is very powerful,it's made it way to my diary,infact the diary is handwritten not soft copied",0,0,0,0,Mon Sep 02 14:40:16 +0000 2024,0,False,False,"@amerix This is very powerful,it's made it way to my diary,infact the diary is handwritten not soft copied","@amerix This is very powerful,it's made it way to my diary,infact the diary is handwritten not soft copied",True,creator_reaction
https://x.com/MsamariaMwema20/status/1830608372284191230,https://twitter.com/MsamariaMwema20/status/1830608372284191230,1830608372284191230,@amerix I thought love was bottom-up and two-way Street.,0,0,0,0,Mon Sep 02 14:07:01 +0000 2024,0,False,False,@amerix I thought love was bottom-up and two-way Street.,@amerix I thought love was bottom-up and two-way Street.,True,piece_relevant
https://x.com/Cliff25978432/status/1830608768536850626,https://twitter.com/Cliff25978432/status/1830608768536850626,1830608768536850626,"@amerix Man can not love God ?

Children can not love their mother?",0,0,0,0,Mon Sep 02 14:08:36 +0000 2024,0,False,False,"@amerix Man can not love God ?

Children can not love their mother?",@amerix Man can not love God ? Children can not love their mother?,True,piece_relevant
https://x.com/itsdennis_muya/status/1830610706372378721,https://twitter.com/itsdennis_muya/status/1830610706372378721,1830610706372378721,"@amerix Titus 2:4 KJV
[4] that they may teach the young women to be sober, to love their husbands, to love their children, 

https://t.co/Rf2v1ZcIqe",0,0,0,0,Mon Sep 02 14:16:18 +0000 2024,0,False,False,"@amerix Titus 2:4 KJV
[4] that they may teach the young women to be sober, to love their husbands, to love their children, 

https://t.co/Rf2v1ZcIqe","@amerix Titus 2:4 KJV [4] that they may teach the young women to be sober, to love their husbands, to love their children, https://t.co/Rf2v1ZcIqe",True,piece_relevant
https://x.com/Milkah2/status/1831003303724913107,https://twitter.com/Milkah2/status/1831003303724913107,1831003303724913107,@amerix Men have refused to evolve. Nature has no rules,0,0,0,0,Tue Sep 03 16:16:20 +0000 2024,0,False,False,@amerix Men have refused to evolve. Nature has no rules,@amerix Men have refused to evolve. Nature has no rules,True,piece_relevant
https://x.com/worldofalphonce/status/1830620125453791720,https://twitter.com/worldofalphonce/status/1830620125453791720,1830620125453791720,"@amerix The strength of love lies in mutual respect and understanding. 

When both partners uplift and support each other, true connection is formed.",0,0,0,0,Mon Sep 02 14:53:43 +0000 2024,0,False,False,"@amerix The strength of love lies in mutual respect and understanding. 

When both partners uplift and support each other, true connection is formed.","@amerix The strength of love lies in mutual respect and understanding. When both partners uplift and support each other, true connection is formed.",True,piece_relevant
https://x.com/loren_ayah/status/1830974104385802280,https://twitter.com/loren_ayah/status/1830974104385802280,1830974104385802280,"@amerix Most men lust for the woman, few understand love.
Some women love their men, others love for convenience. 
Man should love his woman, she should submit to her man.
Women exhibit emotions verbally, men exhibit emotions physically.
Man be responsible,  woman, submit!",0,0,0,0,Tue Sep 03 14:20:18 +0000 2024,0,False,False,"@amerix Most men lust for the woman, few understand love.
Some women love their men, others love for convenience. 
Man should love his woman, she should submit to her man.
Women exhibit emotions verbally, men exhibit emotions physically.
Man be responsible,  woman, submit!","@amerix Most men lust for the woman, few understand love. Some women love their men, others love for convenience. Man should love his woman, she should submit to her man. Women exhibit emotions verbally, men exhibit emotions physically. Man be responsible, woman, submit!",True,piece_relevant
https://x.com/lec_musuke/status/1830666795990368298,https://twitter.com/lec_musuke/status/1830666795990368298,1830666795990368298,"@amerix On it. 

Obedience must prevail.",0,0,0,0,Mon Sep 02 17:59:10 +0000 2024,0,False,False,"@amerix On it. 

Obedience must prevail.",@amerix On it. Obedience must prevail.,True,creator_reaction
https://x.com/Cericali_KE/status/1830622452411695294,https://twitter.com/Cericali_KE/status/1830622452411695294,1830622452411695294,"@amerix Thanks for pointing that out. I always ask what is love? Because my definition of it is actions, not any other nonsense.",0,0,0,0,Mon Sep 02 15:02:58 +0000 2024,0,False,False,"@amerix Thanks for pointing that out. I always ask what is love? Because my definition of it is actions, not any other nonsense.","@amerix Thanks for pointing that out. I always ask what is love? Because my definition of it is actions, not any other nonsense.",True,piece_relevant
https://x.com/liston_lis/status/1830601805165645906,https://twitter.com/liston_lis/status/1830601805165645906,1830601805165645906,@amerix Women are fundamentally incapable of loving a man in the way that a man expects to be loved by a woman.~@RationalMale,0,0,0,0,Mon Sep 02 13:40:55 +0000 2024,0,False,False,@amerix Women are fundamentally incapable of loving a man in the way that a man expects to be loved by a woman.~@RationalMale,@amerix Women are fundamentally incapable of loving a man in the way that a man expects to be loved by a woman.~@RationalMale,True,piece_relevant
https://x.com/WAKILIWASHETANI/status/1830625676321259762,https://twitter.com/WAKILIWASHETANI/status/1830625676321259762,1830625676321259762,"@amerix Unaeka CCTV to catch your CHEATING WIFE in the act lakini uko na mixed feelings after watching the video juu design unagongewa, her screams and moans unashindwa UKASIRIKE ama UMBAO 🤣....... life is hard!

#RutoMustGoNow",0,0,0,0,Mon Sep 02 15:15:47 +0000 2024,0,False,False,"@amerix Unaeka CCTV to catch your CHEATING WIFE in the act lakini uko na mixed feelings after watching the video juu design unagongewa, her screams and moans unashindwa UKASIRIKE ama UMBAO 🤣....... life is hard!

#RutoMustGoNow","@amerix Unaeka CCTV to catch your CHEATING WIFE in the act lakini uko na mixed feelings after watching the video juu design unagongewa, her screams and moans unashindwa UKASIRIKE ama UMBAO 🤣....... life is hard! #RutoMustGoNow",True,creator_reaction
https://x.com/ThuhAbsolute/status/1830833926685765826,https://twitter.com/ThuhAbsolute/status/1830833926685765826,1830833926685765826,@amerix Each Man has a Sun with in him (Power). Each individual has his own unique way of gaining and exercising Knowledge. Being there as it might. A man can only Love as far as his own ability of Understanding the Love he has for himself.,0,0,0,0,Tue Sep 03 05:03:18 +0000 2024,0,False,False,@amerix Each Man has a Sun with in him (Power). Each individual has his own unique way of gaining and exercising Knowledge. Being there as it might. A man can only Love as far as his own ability of Understanding the Love he has for himself.,@amerix Each Man has a Sun with in him (Power). Each individual has his own unique way of gaining and exercising Knowledge. Being there as it might. A man can only Love as far as his own ability of Understanding the Love he has for himself.,True,piece_relevant
https://x.com/GachanjaFay/status/1830869226531217560,https://twitter.com/GachanjaFay/status/1830869226531217560,1830869226531217560,"@amerix What do you mean by ""...man can't love God"" ?",0,0,0,0,Tue Sep 03 07:23:34 +0000 2024,0,False,False,"@amerix What do you mean by ""...man can't love God"" ?","@amerix What do you mean by ""...man can't love God"" ?",True,piece_relevant
https://x.com/njoki_maur25365/status/1830605708196467050,https://twitter.com/njoki_maur25365/status/1830605708196467050,1830605708196467050,@amerix A man's heart is not like a woman's womb....it cannot bleed or stretch to make room for you,0,0,0,0,Mon Sep 02 13:56:26 +0000 2024,0,False,False,@amerix A man's heart is not like a woman's womb....it cannot bleed or stretch to make room for you,@amerix A man's heart is not like a woman's womb....it cannot bleed or stretch to make room for you,True,piece_relevant
https://x.com/eugene_edmund4/status/1830595534815736290,https://twitter.com/eugene_edmund4/status/1830595534815736290,1830595534815736290,@amerix This reverse psychology inanikanganya bana 😂😂,0,1,0,0,Mon Sep 02 13:16:00 +0000 2024,0,False,False,@amerix This reverse psychology inanikanganya bana 😂😂,@amerix This reverse psychology inanikanganya bana 😂😂,True,creator_reaction
https://x.com/challokin/status/1830598599299788804,https://twitter.com/challokin/status/1830598599299788804,1830598599299788804,@amerix This is how it’s broken down really easy maths for a good successful family. But what about the man that doesn’t love or cheat?,0,1,0,0,Mon Sep 02 13:28:11 +0000 2024,0,False,False,@amerix This is how it’s broken down really easy maths for a good successful family. But what about the man that doesn’t love or cheat?,@amerix This is how it's broken down really easy maths for a good successful family. But what about the man that doesn't love or cheat?,True,piece_relevant
https://x.com/mwen_dwa/status/1830597606541557865,https://twitter.com/mwen_dwa/status/1830597606541557865,1830597606541557865,"@amerix She doesnt deserve to be preceded,provided for,protected,or penetrated.",0,0,0,0,Mon Sep 02 13:24:14 +0000 2024,0,False,False,"@amerix She doesnt deserve to be preceded,provided for,protected,or penetrated.","@amerix She doesnt deserve to be preceded,provided for,protected,or penetrated.",True,piece_relevant
https://x.com/ivy5475/status/1830605644107505828,https://twitter.com/ivy5475/status/1830605644107505828,1830605644107505828,@amerix @lennybett2 It is against the order of nature for a woman to love a man and to chase a man .,0,1,4,0,Mon Sep 02 13:56:11 +0000 2024,0,False,False,@amerix @lennybett2 It is against the order of nature for a woman to love a man and to chase a man .,@amerix @lennybett2 It is against the order of nature for a woman to love a man and to chase a man .,True,piece_relevant
https://x.com/Itswambuaa/status/1830596012961931345,https://twitter.com/Itswambuaa/status/1830596012961931345,1830596012961931345,@amerix The man is born a leader and the woman a follower.,0,1,3,0,Mon Sep 02 13:17:54 +0000 2024,0,False,False,@amerix The man is born a leader and the woman a follower.,@amerix The man is born a leader and the woman a follower.,True,piece_relevant
https://x.com/yours_thepundit/status/1830610351232262642,https://twitter.com/yours_thepundit/status/1830610351232262642,1830610351232262642,@amerix That's more of your opinion than a fact. You don't have to otherthink simple things. Everyone can love if they allow love in them.,0,0,2,0,Mon Sep 02 14:14:53 +0000 2024,0,False,False,@amerix That's more of your opinion than a fact. You don't have to otherthink simple things. Everyone can love if they allow love in them.,@amerix That's more of your opinion than a fact. You don't have to otherthink simple things. Everyone can love if they allow love in them.,True,piece_relevant
https://x.com/broadbasefo/status/1831059242788458785,https://twitter.com/broadbasefo/status/1831059242788458785,1831059242788458785,@amerix Give us the description of love then we proceed from there. And don't confuse lust and love.,0,0,1,0,Tue Sep 03 19:58:37 +0000 2024,0,False,False,@amerix Give us the description of love then we proceed from there. And don't confuse lust and love.,@amerix Give us the description of love then we proceed from there. And don't confuse lust and love.,True,piece_relevant
https://x.com/Njeru_Thandi/status/1830668011608649987,https://twitter.com/Njeru_Thandi/status/1830668011608649987,1830668011608649987,"@amerix You have got is partly right.  

The Christian love which couples subscribe to is SELFLESS AND UNCONDITIONAL love.  A man ought to love a woman as he loves himself, causing the wife to love him back.
God loves a man UNCONDITIONALLY, and gives him the capacity to live Him back.",0,0,0,0,Mon Sep 02 18:04:00 +0000 2024,0,False,False,"@amerix You have got is partly right.  

The Christian love which couples subscribe to is SELFLESS AND UNCONDITIONAL love.  A man ought to love a woman as he loves himself, causing the wife to love him back.
God loves a man UNCONDITIONALLY, and gives him the capacity to live Him back.","@amerix You have got is partly right. The Christian love which couples subscribe to is SELFLESS AND UNCONDITIONAL love. A man ought to love a woman as he loves himself, causing the wife to love him back. God loves a man UNCONDITIONALLY, and gives him the capacity to live Him back.",True,piece_relevant
https://x.com/Jamin_sigana/status/1830629821686141193,https://twitter.com/Jamin_sigana/status/1830629821686141193,1830629821686141193,@amerix A man shall love his woman like Christ loved the church.. how did Christ love the church? Without conditions.. you are to love your wife at all times.. no amount if disrespect etc should make u stop loving her.,0,0,0,0,Mon Sep 02 15:32:15 +0000 2024,0,False,False,@amerix A man shall love his woman like Christ loved the church.. how did Christ love the church? Without conditions.. you are to love your wife at all times.. no amount if disrespect etc should make u stop loving her.,@amerix A man shall love his woman like Christ loved the church.. how did Christ love the church? Without conditions.. you are to love your wife at all times.. no amount if disrespect etc should make u stop loving her.,True,piece_relevant
